split,scope,scope_value,model,races,boats,race_brier_mean,race_brier_sum,winner_log_loss,top1_accuracy,actual_winner_probability_mean,probability_sum_mean,probability_sum_max_abs_error
test,month,2026-03,hgb_course_first,417,2502,0.08612960131055283,0.516777607863317,1.114964717175386,0.6498800959232613,0.5102946847796558,1.0,3.3306690738754696e-16
test,month,2026-03,catboost_course_first,417,2502,0.08567837091241501,0.51407022547449,1.086082587688332,0.6522781774580336,0.4841079910460881,1.0,3.3306690738754696e-16
test,month,2026-03,flaml_course_first,417,2502,0.08630130607354668,0.5178078364412799,1.0920688195282646,0.6330935251798561,0.46288222110494326,1.0,3.3306690738754696e-16
test,month,2026-03,ebm_course_first,417,2502,0.08568480562042102,0.5141088337225261,1.0738915573935486,0.6498800959232613,0.46883747718921026,1.0,3.3306690738754696e-16
test,month,2026-03,tabdpt_turbo_course_first,417,2502,0.08691853765826135,0.5215112259495681,1.1038146698995455,0.6378896882494005,0.4449110200047223,1.0,2.220446049250313e-16
test,month,2026-03,autogluon_course_first,417,2502,0.08526862099203923,0.5116117259522354,1.078992312870415,0.6522781774580336,0.4707035461674148,1.0,2.220446049250313e-16
test,month,2026-03,ngboost_course_first,417,2502,0.0857945079800218,0.5147670478801308,1.0904038648236327,0.6474820143884892,0.48541631517156997,1.0,4.440892098500626e-16
test,month,2026-03,v2_hgb,417,2502,0.08770628032121586,0.526237681927295,1.1050317467235864,0.6426858513189448,0.43291718847484534,1.0,4.440892098500626e-16
test,month,2026-03,v2_xgboost,417,2502,0.087518766994122,0.5251126019647321,1.103400342666715,0.6426858513189448,0.43266572908451445,1.0000000019544932,1.9138678908348083e-07
test,month,2026-03,v2_blend,417,2502,0.08758323211057625,0.5254993926634576,1.103751956499807,0.6426858513189448,0.43279145877967995,1.0000000009772465,9.569339454174042e-08
test,month,2026-03,v4_ranker,417,2502,0.08274518184398666,0.49647109106392,1.0435002212961875,0.6618705035971223,0.476387627972422,1.0,4.440892098500626e-16
test,month,2026-03,rating_v6_ranker,417,2502,0.08219992769785404,0.4931995661871243,1.0241634134572295,0.6522781774580336,0.4815299655170793,1.0,4.440892098500626e-16
test,month,2026-03,v6_pre_course,417,2502,0.08239596444040989,0.49437578664245924,1.0316418897000663,0.6546762589928058,0.4731264427782297,1.000000000146587,1.435400909244322e-08
test,month,2026-03,v6_final,417,2502,0.08234332338592118,0.4940599403155271,1.0300022399454412,0.6522781774580336,0.4763529476885845,1.0,3.3306690738754696e-16
test,month,2026-04,hgb_course_first,334,2004,0.09661384022740734,0.579683041364444,1.237189576785857,0.592814371257485,0.48959024977874166,1.0,4.440892098500626e-16
test,month,2026-04,catboost_course_first,334,2004,0.0941576460395066,0.5649458762370396,1.1597441383173364,0.6047904191616766,0.46691259198724755,1.0,3.3306690738754696e-16
test,month,2026-04,flaml_course_first,334,2004,0.09470361650384441,0.5682216990230665,1.1594201919982112,0.5808383233532934,0.4365332703401189,1.0,3.3306690738754696e-16
test,month,2026-04,ebm_course_first,334,2004,0.09262441793362815,0.555746507601769,1.1411350140364829,0.6167664670658682,0.45421542322541636,1.0,4.440892098500626e-16
test,month,2026-04,tabdpt_turbo_course_first,334,2004,0.09615983851969682,0.5769590311181809,1.2024617643537585,0.5988023952095808,0.41315727414628944,1.0,2.220446049250313e-16
test,month,2026-04,autogluon_course_first,334,2004,0.09427699815314862,0.5656619889188917,1.162288107285871,0.592814371257485,0.4418829090827082,1.0,2.220446049250313e-16
test,month,2026-04,ngboost_course_first,334,2004,0.09466249805428406,0.5679749883257044,1.159585758743248,0.592814371257485,0.4610992608419237,1.0,4.440892098500626e-16
test,month,2026-04,v2_hgb,334,2004,0.09250309452628475,0.5550185671577086,1.1344140713249404,0.6167664670658682,0.4277381817052098,1.0,4.440892098500626e-16
test,month,2026-04,v2_xgboost,334,2004,0.09252533265280563,0.5551519959168337,1.1345173953961363,0.6167664670658682,0.42710649033082637,1.0000000011104766,1.8440186977386475e-07
test,month,2026-04,v2_blend,334,2004,0.09248751919232542,0.5549251151539525,1.1339488209074977,0.6167664670658682,0.42742233601801816,1.0000000005552383,9.220093488693237e-08
test,month,2026-04,v4_ranker,334,2004,0.09110642587817899,0.5466385552690739,1.1162570172045456,0.6107784431137725,0.463235889909869,1.0,4.440892098500626e-16
test,month,2026-04,rating_v6_ranker,334,2004,0.09127551431712908,0.5476530859027745,1.1103583629637823,0.6197604790419161,0.4648131458989666,1.0,4.440892098500626e-16
test,month,2026-04,v6_pre_course,334,2004,0.09066456240279779,0.5439873744167867,1.1037996211926684,0.6167664670658682,0.458869357519141,1.0000000000832854,1.3830140255244316e-08
test,month,2026-04,v6_final,334,2004,0.09073818185508317,0.544429091130499,1.1046424906956738,0.6227544910179641,0.46142731713216356,1.0,3.3306690738754696e-16
test,month,2026-05,hgb_course_first,335,2010,0.09553131687428416,0.573187901245705,1.2107583253909262,0.608955223880597,0.48855261810549666,1.0,4.440892098500626e-16
test,month,2026-05,catboost_course_first,335,2010,0.09538282972842535,0.572296978370552,1.1601688009054325,0.6119402985074627,0.4554415651667302,1.0,4.440892098500626e-16
test,month,2026-05,flaml_course_first,335,2010,0.09333049971926086,0.5599829983155652,1.1560514794871966,0.6298507462686567,0.43921477570478884,1.0,3.3306690738754696e-16
test,month,2026-05,ebm_course_first,335,2010,0.09247404152990853,0.5548442491794511,1.1172688676563445,0.6119402985074627,0.4445373289114997,1.0,2.220446049250313e-16
test,month,2026-05,tabdpt_turbo_course_first,335,2010,0.09277893604786554,0.5566736162871933,1.1674588149111684,0.6268656716417911,0.4140718186938785,1.0,2.220446049250313e-16
test,month,2026-05,autogluon_course_first,335,2010,0.09242716940565268,0.554563016433916,1.1306760568987115,0.6059701492537314,0.4401573104197832,1.0,2.220446049250313e-16
test,month,2026-05,ngboost_course_first,335,2010,0.09219464481634553,0.5531678688980731,1.132689771291594,0.6208955223880597,0.4628619545166211,1.0,2.220446049250313e-16
test,month,2026-05,v2_hgb,335,2010,0.09458411726477804,0.5675047035886683,1.1607717550119416,0.608955223880597,0.41252874544626655,1.0,4.440892098500626e-16
test,month,2026-05,v2_xgboost,335,2010,0.09408415533880143,0.5645049320328085,1.1554479561336986,0.608955223880597,0.4129977553707561,1.0000000002130227,1.5087425708770752e-07
test,month,2026-05,v2_blend,335,2010,0.0943063123373267,0.5658378740239604,1.1574493708954952,0.608955223880597,0.41276325040851136,1.0000000001065112,7.543712854385376e-08
test,month,2026-05,v4_ranker,335,2010,0.0905340776470328,0.5432044658821968,1.1051921539000134,0.6208955223880597,0.45505482021687044,1.0,3.3306690738754696e-16
test,month,2026-05,rating_v6_ranker,335,2010,0.09050086908421198,0.543005214505272,1.0978260727487683,0.6238805970149254,0.4587408846665706,1.0,3.3306690738754696e-16
test,month,2026-05,v6_pre_course,335,2010,0.09033790615974611,0.5420274369584767,1.0977112851941806,0.6149253731343284,0.45106095083230036,1.0000000000159766,1.1315569148351301e-08
test,month,2026-05,v6_final,335,2010,0.09031012056787206,0.5418607234072323,1.09527512205776,0.6149253731343284,0.45410893475588626,1.0,4.440892098500626e-16
test,month,2026-06,hgb_course_first,418,2508,0.08934722606574037,0.5360833563944423,1.140164432195383,0.6363636363636364,0.511281504379489,1.0,4.440892098500626e-16
test,month,2026-06,catboost_course_first,418,2508,0.08734339689803874,0.5240603813882325,1.0787075618875768,0.6411483253588517,0.4883544565304932,1.0,3.3306690738754696e-16
test,month,2026-06,flaml_course_first,418,2508,0.08878346582587043,0.5327007949552226,1.0889085050311507,0.6435406698564593,0.45922977874410426,1.0,3.3306690738754696e-16
test,month,2026-06,ebm_course_first,418,2508,0.08728680749578716,0.5237208449747229,1.0654399819603326,0.638755980861244,0.4686989187887024,1.0,4.440892098500626e-16
test,month,2026-06,tabdpt_turbo_course_first,418,2508,0.08907977897244125,0.5344786738346475,1.1183277538913277,0.6244019138755981,0.4374397023503164,1.0,2.220446049250313e-16
test,month,2026-06,autogluon_course_first,418,2508,0.08811303984431432,0.528678239065886,1.0874075405336663,0.638755980861244,0.46679202709696904,1.0,2.220446049250313e-16
test,month,2026-06,ngboost_course_first,418,2508,0.08736805486094743,0.5242083291656845,1.088888673781889,0.645933014354067,0.48576899852329314,1.0,3.3306690738754696e-16
test,month,2026-06,v2_hgb,418,2508,0.0906151851292326,0.5436911107753956,1.1057763634346776,0.6291866028708134,0.4305986066752775,1.0,3.3306690738754696e-16
test,month,2026-06,v2_xgboost,418,2508,0.09065353234195514,0.5439211940517308,1.1061760866535237,0.631578947368421,0.4298484236287158,1.000000000771739,1.7648562788963318e-07
test,month,2026-06,v2_blend,418,2508,0.09060519712623143,0.5436311827573885,1.1055620606369814,0.631578947368421,0.4302235151519967,1.0000000003858693,8.824281394481659e-08
test,month,2026-06,v4_ranker,418,2508,0.08765416800602535,0.525925008036152,1.0772496782079197,0.6602870813397129,0.4685317347776636,1.0,4.440892098500626e-16
test,month,2026-06,rating_v6_ranker,418,2508,0.0865456483261798,0.5192738899570788,1.0593357752942236,0.6555023923444976,0.474158579391565,1.0,4.440892098500626e-16
test,month,2026-06,v6_pre_course,418,2508,0.08667539925933852,0.5200523955560312,1.0612107394359735,0.6507177033492823,0.4663726152751757,1.0000000000578804,1.323642218054033e-08
test,month,2026-06,v6_final,418,2508,0.08673108543718332,0.5203865126230999,1.0613019611800385,0.6507177033492823,0.46918112521537597,1.0,4.440892098500626e-16
test,month,2026-07,hgb_course_first,323,1938,0.10274658547764046,0.6164795128658428,1.2817224137414156,0.5603715170278638,0.4638461755416594,1.0,3.3306690738754696e-16
test,month,2026-07,catboost_course_first,323,1938,0.09846954304130642,0.5908172582478386,1.2003787469372207,0.56656346749226,0.447157411581063,1.0,4.440892098500626e-16
test,month,2026-07,flaml_course_first,323,1938,0.09789715145583641,0.5873829087350184,1.2084955622624314,0.5696594427244582,0.4257595429320355,1.0,4.440892098500626e-16
test,month,2026-07,ebm_course_first,323,1938,0.09783446368902264,0.5870067821341358,1.1986961929920374,0.5634674922600619,0.4310382543019913,1.0,4.440892098500626e-16
test,month,2026-07,tabdpt_turbo_course_first,323,1938,0.09602371631820993,0.5761422979092595,1.1849869491497302,0.5789473684210527,0.4121251267608948,1.0,2.220446049250313e-16
test,month,2026-07,autogluon_course_first,323,1938,0.09805352160761052,0.5883211296456632,1.2038439339477234,0.5727554179566563,0.43117299702637124,1.0,2.220446049250313e-16
test,month,2026-07,ngboost_course_first,323,1938,0.09936048129475858,0.5961628877685514,1.2198352748640084,0.5696594427244582,0.44862829823596145,1.0,4.440892098500626e-16
test,month,2026-07,v2_hgb,323,1938,0.09933923756548398,0.5960354253929039,1.2087730742540619,0.5603715170278638,0.41330745856653517,1.0,4.440892098500626e-16
test,month,2026-07,v2_xgboost,323,1938,0.09905517207914041,0.5943310324748426,1.2058297669015983,0.5603715170278638,0.4131382147986269,0.9999999975232009,1.7508864402770996e-07
test,month,2026-07,v2_blend,323,1938,0.09916665741174187,0.5949999444704512,1.206787388687779,0.5603715170278638,0.41322283668258103,0.9999999987616005,8.754432212487728e-08
test,month,2026-07,v4_ranker,323,1938,0.09893280422448444,0.5935968253469067,1.2030203002718594,0.5696594427244582,0.4417316776606928,1.0,4.440892098500626e-16
test,month,2026-07,rating_v6_ranker,323,1938,0.09996062986900758,0.5997637792140454,1.2211814242446863,0.5603715170278638,0.4379396606573914,1.0,4.440892098500626e-16
test,month,2026-07,v6_pre_course,323,1938,0.09886113158492496,0.5931667895095497,1.2034029567316786,0.5727554179566563,0.43503794067437135,0.9999999998142399,1.3131648213260405e-08
test,month,2026-07,v6_final,323,1938,0.0989250336144882,0.5935502016869293,1.2027200185240672,0.5696594427244582,0.4377781772138191,1.0,4.440892098500626e-16
test,month,2026-08,hgb_course_first,464,2784,0.09547411476698034,0.572844688601882,1.2492813552452833,0.6077586206896551,0.483964351369011,1.0,4.440892098500626e-16
test,month,2026-08,catboost_course_first,464,2784,0.09267647092123792,0.5560588255274275,1.15882715165995,0.6056034482758621,0.4618534004668639,1.0,4.440892098500626e-16
test,month,2026-08,flaml_course_first,464,2784,0.09429835829154364,0.5657901497492618,1.1810514008184514,0.5926724137931034,0.43637240362776075,1.0,4.440892098500626e-16
test,month,2026-08,ebm_course_first,464,2784,0.0935757832031398,0.5614546992188388,1.1756053648860623,0.6012931034482759,0.4467341627295851,1.0,4.440892098500626e-16
test,month,2026-08,tabdpt_turbo_course_first,464,2784,0.09698570388436553,0.5819142233061932,1.2259768771126285,0.5862068965517241,0.4126137877593874,1.0,2.220446049250313e-16
test,month,2026-08,autogluon_course_first,464,2784,0.0932937992139776,0.5597627952838654,1.1609046275321337,0.6012931034482759,0.4452992560342274,1.0,2.220446049250313e-16
test,month,2026-08,ngboost_course_first,464,2784,0.09471715125815584,0.5683029075489351,1.1870233612288863,0.603448275862069,0.45924839100761333,1.0,4.440892098500626e-16
test,month,2026-08,v2_hgb,464,2784,0.09600785773498431,0.5760471464099058,1.1828836012715969,0.584051724137931,0.4153678550262975,1.0,4.440892098500626e-16
test,month,2026-08,v2_xgboost,464,2784,0.09603105793972493,0.5761863476383495,1.18254712982163,0.5775862068965517,0.41401694819596113,0.9999999995037295,1.973239704966545e-07
test,month,2026-08,v2_blend,464,2784,0.09598718666662959,0.5759231199997776,1.1816332114364432,0.584051724137931,0.4146924016111293,0.9999999997518647,9.866198535934956e-08
test,month,2026-08,v4_ranker,464,2784,0.09184886999187512,0.5510932199512507,1.1349406925915204,0.6142241379310345,0.4597665756706839,1.0,4.440892098500626e-16
test,month,2026-08,rating_v6_ranker,464,2784,0.09087059868106666,0.5452235920863999,1.1222204755231815,0.6120689655172413,0.46494072077692783,1.0,4.440892098500626e-16
test,month,2026-08,v6_pre_course,464,2784,0.0910047940749888,0.5460287644499329,1.123404406778227,0.6163793103448276,0.45630396706698123,0.9999999999627797,1.4799297787249088e-08
test,month,2026-08,v6_final,464,2784,0.09105589388700694,0.5463353633220416,1.123638792307095,0.6056034482758621,0.45882414301349833,1.0,4.440892098500626e-16
test,month,2026-09,hgb_course_first,327,1962,0.09040878492777658,0.5424527095666595,1.1015835004656642,0.5840978593272171,0.4927262097720215,1.0,4.440892098500626e-16
test,month,2026-09,catboost_course_first,327,1962,0.08967984545348705,0.5380790727209224,1.0820188683309626,0.6024464831804281,0.468099161565472,1.0,4.440892098500626e-16
test,month,2026-09,flaml_course_first,327,1962,0.08987340937936834,0.5392404562762101,1.0861365124862234,0.599388379204893,0.44772690619499594,1.0,3.3306690738754696e-16
test,month,2026-09,ebm_course_first,327,1962,0.0908550890356072,0.5451305342136432,1.0951184942660033,0.5963302752293578,0.450266705923064,1.0,5.551115123125783e-16
test,month,2026-09,tabdpt_turbo_course_first,327,1962,0.0916957193017103,0.5501743158102619,1.119877476785272,0.5718654434250765,0.42435827391797376,1.0,2.220446049250313e-16
test,month,2026-09,autogluon_course_first,327,1962,0.09002465481865025,0.5401479289119014,1.0940765012566454,0.6055045871559633,0.4515253789797381,1.0,2.220446049250313e-16
test,month,2026-09,ngboost_course_first,327,1962,0.08957555356546258,0.5374533213927756,1.0937372669768985,0.5902140672782875,0.47012994964403065,1.0,3.3306690738754696e-16
test,month,2026-09,v2_hgb,327,1962,0.09327510600709524,0.5596506360425716,1.1215613943545273,0.5963302752293578,0.42435736662132717,1.0,4.440892098500626e-16
test,month,2026-09,v2_xgboost,327,1962,0.0935232155293437,0.5611392931760623,1.1231913911678577,0.5932721712538226,0.4232987356671226,1.0000000023717397,1.564621925354004e-07
test,month,2026-09,v2_blend,327,1962,0.09336861821444799,0.5602117092866878,1.1217254685311966,0.5963302752293578,0.42382805114422495,1.0000000011858698,7.82310962677002e-08
test,month,2026-09,v4_ranker,327,1962,0.0878273957089741,0.5269643742538446,1.0530952334593011,0.599388379204893,0.4656130888995148,1.0,4.440892098500626e-16
test,month,2026-09,rating_v6_ranker,327,1962,0.08727721513651797,0.5236632908191077,1.0464366566689176,0.6269113149847095,0.46648926800461554,1.0,4.440892098500626e-16
test,month,2026-09,v6_pre_course,327,1962,0.08748398046002773,0.5249038827601664,1.0503719363839965,0.6116207951070336,0.4599038974157231,1.0000000001778804,1.1734664351337187e-08
test,month,2026-09,v6_final,327,1962,0.08764522105692653,0.5258713263415592,1.0487975395191012,0.6085626911314985,0.4621618923491647,1.0,3.3306690738754696e-16
