model_left,model_right,probability_pearson,error_pearson,n
hgb_course_first,catboost_course_first,0.9788563029858529,0.9845389927916662,15708
hgb_course_first,flaml_course_first,0.9723026822771575,0.9764563073350743,15708
hgb_course_first,ebm_course_first,0.9712657082841458,0.9771957915076792,15708
hgb_course_first,tabdpt_turbo_course_first,0.9532628441489703,0.9599863776474653,15708
hgb_course_first,autogluon_course_first,0.9787971347671757,0.9812655496372895,15708
hgb_course_first,ngboost_course_first,0.9727150388101826,0.9807366580773001,15708
hgb_course_first,v2_hgb,0.9401185854328066,0.9534149936370995,15708
hgb_course_first,v2_xgboost,0.9406449153685429,0.9533988574549174,15708
hgb_course_first,v2_blend,0.9407316280918367,0.9535582553534983,15708
hgb_course_first,v4_ranker,0.9526492526148578,0.9667623724996546,15708
hgb_course_first,rating_v6_ranker,0.946418871760929,0.9631534970962581,15708
hgb_course_first,v6_pre_course,0.9538288538526732,0.9665547617739428,15708
hgb_course_first,v6_final,0.955138330649886,0.9678389470269351,15708
catboost_course_first,flaml_course_first,0.9767918493676727,0.9859581717388081,15708
catboost_course_first,ebm_course_first,0.9809044673525981,0.9886406714923148,15708
catboost_course_first,tabdpt_turbo_course_first,0.9627915629697591,0.9758292905467628,15708
catboost_course_first,autogluon_course_first,0.9846417151702969,0.9905688331913902,15708
catboost_course_first,ngboost_course_first,0.9793720039899957,0.98799349771366,15708
catboost_course_first,v2_hgb,0.9512315390689511,0.9703841302865266,15708
catboost_course_first,v2_xgboost,0.9518317355224998,0.9705095756643478,15708
catboost_course_first,v2_blend,0.9518856044705718,0.9706008713112064,15708
catboost_course_first,v4_ranker,0.9657131417121078,0.980249813034137,15708
catboost_course_first,rating_v6_ranker,0.959518022192501,0.9766943795201216,15708
catboost_course_first,v6_pre_course,0.9667490346627172,0.9806783866889778,15708
catboost_course_first,v6_final,0.9677014811251345,0.981309970244892,15708
flaml_course_first,ebm_course_first,0.9668140583587659,0.9829498999063233,15708
flaml_course_first,tabdpt_turbo_course_first,0.9596890850264358,0.980175130065952,15708
flaml_course_first,autogluon_course_first,0.9838413248217427,0.9917562431929406,15708
flaml_course_first,ngboost_course_first,0.9830349616673535,0.9892608920489149,15708
flaml_course_first,v2_hgb,0.9567585800625931,0.9789616141596623,15708
flaml_course_first,v2_xgboost,0.9571682188295891,0.979093942035055,15708
flaml_course_first,v2_blend,0.9573195562740426,0.97918315764362,15708
flaml_course_first,v4_ranker,0.961518025285841,0.9795370135556926,15708
flaml_course_first,rating_v6_ranker,0.9527630658749653,0.9746346535236246,15708
flaml_course_first,v6_pre_course,0.9621664151657324,0.9805272328637179,15708
flaml_course_first,v6_final,0.9637430701210953,0.981024829748876,15708
ebm_course_first,tabdpt_turbo_course_first,0.9602187687280028,0.9790665833183099,15708
ebm_course_first,autogluon_course_first,0.976928537308039,0.9879946287250685,15708
ebm_course_first,ngboost_course_first,0.9688992270781391,0.9819709106573922,15708
ebm_course_first,v2_hgb,0.9463580687165931,0.9727144672920343,15708
ebm_course_first,v2_xgboost,0.9470235747036804,0.9729509393336113,15708
ebm_course_first,v2_blend,0.9470429285380528,0.9729870877081817,15708
ebm_course_first,v4_ranker,0.9626124869082402,0.9798794329087132,15708
ebm_course_first,rating_v6_ranker,0.9579764336500997,0.9771517997731287,15708
ebm_course_first,v6_pre_course,0.9644072270974147,0.9812568483501914,15708
ebm_course_first,v6_final,0.9651137811577905,0.9814310888519588,15708
tabdpt_turbo_course_first,autogluon_course_first,0.966370312320762,0.9823647503175018,15708
tabdpt_turbo_course_first,ngboost_course_first,0.9651192580582243,0.9768793633843054,15708
tabdpt_turbo_course_first,v2_hgb,0.9476709027394897,0.9777442187387307,15708
tabdpt_turbo_course_first,v2_xgboost,0.9483213427036201,0.9780897226035311,15708
tabdpt_turbo_course_first,v2_blend,0.9483487289651024,0.9780721496548909,15708
tabdpt_turbo_course_first,v4_ranker,0.9506806327110957,0.9731392572204366,15708
tabdpt_turbo_course_first,rating_v6_ranker,0.9408910521075183,0.967819348103385,15708
tabdpt_turbo_course_first,v6_pre_course,0.9508294254575408,0.9746457596099888,15708
tabdpt_turbo_course_first,v6_final,0.9525239703551386,0.9747276462029358,15708
autogluon_course_first,ngboost_course_first,0.9868390284607768,0.9917293209616037,15708
autogluon_course_first,v2_hgb,0.9582357681436003,0.9787311517098193,15708
autogluon_course_first,v2_xgboost,0.9588955104052523,0.9789562230487497,15708
autogluon_course_first,v2_blend,0.958922175052638,0.9789990271553307,15708
autogluon_course_first,v4_ranker,0.9681202320464823,0.98289558401384,15708
autogluon_course_first,rating_v6_ranker,0.9599520820151907,0.978293166156377,15708
autogluon_course_first,v6_pre_course,0.9685164032441252,0.9835487297320787,15708
autogluon_course_first,v6_final,0.9700135499828192,0.9841280131982161,15708
ngboost_course_first,v2_hgb,0.960521556479239,0.9749000661741951,15708
ngboost_course_first,v2_xgboost,0.961590471419305,0.9752427564145897,15708
ngboost_course_first,v2_blend,0.9614131209246407,0.975226138941435,15708
ngboost_course_first,v4_ranker,0.9679393732114346,0.9814822770385181,15708
ngboost_course_first,rating_v6_ranker,0.9579575169290739,0.9757797009237738,15708
ngboost_course_first,v6_pre_course,0.9675136178690392,0.9810660485439158,15708
ngboost_course_first,v6_final,0.9691654678296469,0.9821016892140876,15708
v2_hgb,v2_xgboost,0.9985106399175208,0.9993652575651717,15708
v2_hgb,v2_blend,0.9996288874467244,0.9998413740002434,15708
v2_hgb,v4_ranker,0.9593651781973104,0.977592947428348,15708
v2_hgb,rating_v6_ranker,0.9464765590167435,0.9708099744590637,15708
v2_hgb,v6_pre_course,0.9633746845448083,0.9808377219142423,15708
v2_hgb,v6_final,0.9645997061303588,0.9807736627880135,15708
v2_xgboost,v2_blend,0.9996262915618924,0.9998412295807931,15708
v2_xgboost,v4_ranker,0.960321811532998,0.9779269172055534,15708
v2_xgboost,rating_v6_ranker,0.947596800796627,0.9712349034525786,15708
v2_xgboost,v6_pre_course,0.9643140490124873,0.9811799582131894,15708
v2_xgboost,v6_final,0.9655308952733387,0.9810983969611201,15708
v2_blend,v4_ranker,0.960200247970985,0.9779150876872088,15708
v2_blend,rating_v6_ranker,0.9473885192914351,0.9711765145806146,15708
v2_blend,v6_pre_course,0.9642026254466234,0.9811645101711801,15708
v2_blend,v6_final,0.965424021349664,0.9810916904164334,15708
v4_ranker,rating_v6_ranker,0.9903372370850106,0.9946287891721137,15708
v4_ranker,v6_pre_course,0.9954648371692347,0.9974491123486009,15708
v4_ranker,v6_final,0.9952267426306205,0.9973704500789029,15708
rating_v6_ranker,v6_pre_course,0.997938327914432,0.9986989332525291,15708
rating_v6_ranker,v6_final,0.9971711142394674,0.99837519833692,15708
v6_pre_course,v6_final,0.9996137684166124,0.9997655477872897,15708
