place,course,target,month,n,positive_rate,hgb_brier,catboost_brier,catboost_minus_hgb_brier,winner
ASY,1,first,2026-03,176,0.6534090909090909,0.20148993511488691,0.20432110660465622,0.002831171489769302,hgb
ASY,1,first,2026-04,198,0.5707070707070707,0.23731225350420693,0.23912396309638326,0.0018117095921763304,hgb
ASY,1,first,2026-05,189,0.6031746031746031,0.23229999597608306,0.23310589375243085,0.0008058977763477915,hgb
ASY,1,first,2026-06,179,0.6312849162011173,0.21552178433742328,0.21600114375103793,0.00047935941361465506,hgb
ASY,1,first,2026-07,166,0.5240963855421686,0.23873099731904088,0.24930916365053082,0.010578166331489947,hgb
ASY,1,first,2026-08,216,0.5879629629629629,0.23323555373838648,0.22621832592352759,-0.00701722781485889,catboost
ASY,1,first,2026-09,144,0.6666666666666666,0.1957357235083954,0.19914930383994703,0.003413580331551619,hgb
ASY,1,top2,2026-03,176,0.8125,0.14554619113311698,0.15119638089168355,0.005650189758566571,hgb
ASY,1,top2,2026-04,198,0.7878787878787878,0.16824821413490124,0.166899374139589,-0.0013488399953122399,catboost
ASY,1,top2,2026-05,189,0.7407407407407407,0.1859512699806802,0.18639961899972743,0.0004483490190472228,hgb
ASY,1,top2,2026-06,179,0.7877094972067039,0.14952942639569702,0.14951095027024397,-1.8476125453054104e-05,catboost
ASY,1,top2,2026-07,166,0.6927710843373494,0.20458565664437284,0.19877750795061938,-0.0058081486937534565,catboost
ASY,1,top2,2026-08,216,0.6944444444444444,0.21149311234195206,0.20787570106088182,-0.0036174112810702375,catboost
ASY,1,top2,2026-09,144,0.7916666666666666,0.13781945716415406,0.1355348045313118,-0.002284652632842249,catboost
ASY,1,top3,2026-03,176,0.8522727272727273,0.11680694802699064,0.12109489251299137,0.004287944486000728,hgb
ASY,1,top3,2026-04,198,0.8636363636363636,0.11297298879140734,0.11272461723914683,-0.00024837155226051233,catboost
ASY,1,top3,2026-05,189,0.8624338624338624,0.11245543162737946,0.11422521325538523,0.0017697816280057704,hgb
ASY,1,top3,2026-06,179,0.8435754189944135,0.12105850609932334,0.11998747320586597,-0.0010710328934573632,catboost
ASY,1,top3,2026-07,166,0.7771084337349398,0.1842609499912795,0.1766875654063584,-0.0075733845849211,catboost
ASY,1,top3,2026-08,216,0.7685185185185185,0.17879133569239572,0.17835332108215957,-0.00043801461023615373,catboost
ASY,1,top3,2026-09,144,0.8888888888888888,0.08568492016853525,0.09301704776615057,0.007332127597615312,hgb
ASY,2,first,2026-03,176,0.10227272727272728,0.08732781568219576,0.08833346276003809,0.0010056470778423282,hgb
ASY,2,first,2026-04,198,0.13131313131313133,0.1069826945520328,0.10359305984418539,-0.003389634707847408,catboost
ASY,2,first,2026-05,189,0.0582010582010582,0.0532775460559432,0.056559150716194065,0.0032816046602508683,hgb
ASY,2,first,2026-06,179,0.10614525139664804,0.08045665372081759,0.07784786781508093,-0.0026087859057366547,catboost
ASY,2,first,2026-07,166,0.1144578313253012,0.1020861384626179,0.09285909738905257,-0.009227041073565326,catboost
ASY,2,first,2026-08,216,0.07407407407407407,0.06859036077300544,0.06795787010240477,-0.0006324906706006717,catboost
ASY,2,first,2026-09,144,0.10416666666666667,0.08414603138442109,0.08206500186197112,-0.0020810295224499703,catboost
ASY,2,top2,2026-03,176,0.3522727272727273,0.20890580194151173,0.21050276871722245,0.001596966775710723,hgb
ASY,2,top2,2026-04,198,0.3838383838383838,0.2348896946436234,0.23758615277848666,0.002696458134863272,hgb
ASY,2,top2,2026-05,189,0.30158730158730157,0.20987317560728178,0.19733105471087678,-0.012542120896404996,catboost
ASY,2,top2,2026-06,179,0.35195530726256985,0.2031905553217269,0.20852199664359441,0.005331441321867525,hgb
ASY,2,top2,2026-07,166,0.3795180722891566,0.21716545695354114,0.20423254523006526,-0.012932911723475882,catboost
ASY,2,top2,2026-08,216,0.3472222222222222,0.2178329326561668,0.2176940820644214,-0.0001388505917453986,catboost
ASY,2,top2,2026-09,144,0.3263888888888889,0.21879871182758037,0.21948762824373902,0.000688916416158647,hgb
ASY,2,top3,2026-03,176,0.5284090909090909,0.23686583191149427,0.23521020683229332,-0.0016556250792009453,catboost
ASY,2,top3,2026-04,198,0.5808080808080808,0.25025721183750294,0.2487947450433618,-0.0014624667941411373,catboost
ASY,2,top3,2026-05,189,0.5026455026455027,0.24246399754453668,0.24221428427796565,-0.00024971326657102777,catboost
ASY,2,top3,2026-06,179,0.5810055865921788,0.23821727181396835,0.24038598701349212,0.002168715199523774,hgb
ASY,2,top3,2026-07,166,0.5481927710843374,0.2109958511327836,0.20101625558550915,-0.009979595547274456,catboost
ASY,2,top3,2026-08,216,0.5416666666666666,0.248903039460033,0.24173557303172402,-0.007167466428308983,catboost
ASY,2,top3,2026-09,144,0.5625,0.2680867739509234,0.24749155752897037,-0.020595216421953028,catboost
ASY,3,first,2026-03,176,0.09090909090909091,0.07917312618611003,0.07629744699427804,-0.002875679191831987,catboost
ASY,3,first,2026-04,198,0.08585858585858586,0.07170371550107299,0.0721882202222526,0.00048450472117961274,hgb
ASY,3,first,2026-05,189,0.13756613756613756,0.11663678184264502,0.11492467145011748,-0.001712110392527541,catboost
ASY,3,first,2026-06,179,0.11731843575418995,0.1059546487492286,0.0994512267008582,-0.0065034220483704,catboost
ASY,3,first,2026-07,166,0.15060240963855423,0.13649557427264897,0.12597135208878926,-0.010524222183859705,catboost
ASY,3,first,2026-08,216,0.1111111111111111,0.10062393607554147,0.09451616768836012,-0.006107768387181356,catboost
ASY,3,first,2026-09,144,0.04861111111111111,0.04170432495495433,0.04077438790019835,-0.0009299370547559832,catboost
ASY,3,top2,2026-03,176,0.35795454545454547,0.221826262471099,0.21998683510726688,-0.001839427363832108,catboost
ASY,3,top2,2026-04,198,0.2828282828282828,0.168784889743092,0.17832380501855935,0.009538915275467352,hgb
ASY,3,top2,2026-05,189,0.328042328042328,0.21265571003917014,0.21897262110159219,0.006316911062422048,hgb
ASY,3,top2,2026-06,179,0.3463687150837989,0.2405433457721329,0.22532369606280472,-0.015219649709328181,catboost
ASY,3,top2,2026-07,166,0.3072289156626506,0.20086313642732792,0.1984929754000891,-0.002370161027238832,catboost
ASY,3,top2,2026-08,216,0.35648148148148145,0.2203594474266604,0.21908757731129858,-0.0012718701153618117,catboost
ASY,3,top2,2026-09,144,0.2847222222222222,0.17707227226318725,0.17908416229560378,0.00201189003241653,hgb
ASY,3,top3,2026-03,176,0.5738636363636364,0.22978769365150223,0.22974947846783822,-3.821518366400878e-05,catboost
ASY,3,top3,2026-04,198,0.5,0.22392721451608805,0.23069942963553364,0.00677221511944559,hgb
ASY,3,top3,2026-05,189,0.5026455026455027,0.23502625440796393,0.23455120662749468,-0.000475047780469251,catboost
ASY,3,top3,2026-06,179,0.5139664804469274,0.2257552349893947,0.22405213951813047,-0.0017030954712642377,catboost
ASY,3,top3,2026-07,166,0.45180722891566266,0.241879889500943,0.24192662190823339,4.673240729038963e-05,hgb
ASY,3,top3,2026-08,216,0.5138888888888888,0.2349241664203671,0.23268884821069044,-0.002235318209676651,catboost
ASY,3,top3,2026-09,144,0.4930555555555556,0.2177123205154302,0.2208168037846875,0.0031044832692572744,hgb
ASY,4,first,2026-03,176,0.08522727272727272,0.08741771677299953,0.08619685067208496,-0.0012208661009145694,catboost
ASY,4,first,2026-04,198,0.1111111111111111,0.09854499809794079,0.09579851942632431,-0.0027464786716164813,catboost
ASY,4,first,2026-05,189,0.10052910052910052,0.10043328209144206,0.0978687431464838,-0.0025645389449582556,catboost
ASY,4,first,2026-06,179,0.0670391061452514,0.06901569939905326,0.0656322991431849,-0.003383400255868363,catboost
ASY,4,first,2026-07,166,0.13253012048192772,0.11389002523435461,0.11188112768178705,-0.0020088975525675568,catboost
ASY,4,first,2026-08,216,0.13425925925925927,0.11827895477640406,0.11274071595241947,-0.00553823882398459,catboost
ASY,4,first,2026-09,144,0.10416666666666667,0.09050055705359382,0.08858253395098349,-0.0019180231026103278,catboost
ASY,4,top2,2026-03,176,0.23863636363636365,0.17951700397639608,0.1859730799811521,0.006456076004756006,hgb
ASY,4,top2,2026-04,198,0.2777777777777778,0.18843263386016015,0.1855792819371876,-0.0028533519229725635,catboost
ASY,4,top2,2026-05,189,0.291005291005291,0.1992506901335929,0.20412719810134278,0.004876507967749882,hgb
ASY,4,top2,2026-06,179,0.24581005586592178,0.193989070278287,0.1820959914029669,-0.011893078875320096,catboost
ASY,4,top2,2026-07,166,0.3253012048192771,0.19930526360959344,0.20360849958728044,0.004303235977687003,hgb
ASY,4,top2,2026-08,216,0.2824074074074074,0.19651007818069283,0.19430378149904312,-0.0022062966816497054,catboost
ASY,4,top2,2026-09,144,0.3263888888888889,0.21185871643250148,0.19766778881323266,-0.014190927619268823,catboost
ASY,4,top3,2026-03,176,0.4431818181818182,0.2545980630564657,0.24589707716316597,-0.008700985893299734,catboost
ASY,4,top3,2026-04,198,0.42424242424242425,0.22540809599622086,0.21593969188347106,-0.009468404112749795,catboost
ASY,4,top3,2026-05,189,0.4973544973544973,0.24669294678833417,0.24182041908370847,-0.0048725277046257065,catboost
ASY,4,top3,2026-06,179,0.44692737430167595,0.24535062859590426,0.22624084685227516,-0.019109781743629095,catboost
ASY,4,top3,2026-07,166,0.5060240963855421,0.21681236572174464,0.211910809827064,-0.004901555894680637,catboost
ASY,4,top3,2026-08,216,0.4722222222222222,0.23183714381848622,0.23380088142069397,0.001963737602207749,hgb
ASY,4,top3,2026-09,144,0.5347222222222222,0.23070472942117595,0.22053264694436167,-0.010172082476814281,catboost
ASY,5,first,2026-03,176,0.0625,0.060698379284693876,0.06009464421432147,-0.0006037350703724034,catboost
ASY,5,first,2026-04,198,0.0707070707070707,0.0700784197630987,0.06457961353820538,-0.005498806224893321,catboost
ASY,5,first,2026-05,189,0.07407407407407407,0.06724876449235546,0.06710787807198176,-0.00014088642037370092,catboost
ASY,5,first,2026-06,179,0.0670391061452514,0.06253999785380995,0.05986109435232342,-0.002678903501486536,catboost
ASY,5,first,2026-07,166,0.05421686746987952,0.05379304962886096,0.053350748314388144,-0.00044230131447281495,catboost
ASY,5,first,2026-08,216,0.07407407407407407,0.07244372823903558,0.07088115427126793,-0.0015625739677676553,catboost
ASY,5,first,2026-09,144,0.05555555555555555,0.04885188216653881,0.04745773405935229,-0.0013941481071865214,catboost
ASY,5,top2,2026-03,176,0.19318181818181818,0.1622755149844046,0.15885826799873443,-0.0034172469856701693,catboost
ASY,5,top2,2026-04,198,0.17676767676767677,0.1400993135892625,0.13479122999072604,-0.005308083598536462,catboost
ASY,5,top2,2026-05,189,0.24867724867724866,0.1924396573221076,0.18694815180641783,-0.005491505515689776,catboost
ASY,5,top2,2026-06,179,0.19553072625698323,0.14788618121452146,0.14446213690891255,-0.0034240443056089143,catboost
ASY,5,top2,2026-07,166,0.23493975903614459,0.20152372259931833,0.19022301672612996,-0.011300705873188377,catboost
ASY,5,top2,2026-08,216,0.18981481481481483,0.1630592851680772,0.1606418212284709,-0.0024174639396062902,catboost
ASY,5,top2,2026-09,144,0.2013888888888889,0.13757084832805896,0.13549992947023687,-0.002070918857822096,catboost
ASY,5,top3,2026-03,176,0.4090909090909091,0.2287647039166873,0.2356659201530111,0.006901216236323809,hgb
ASY,5,top3,2026-04,198,0.398989898989899,0.21835773180376214,0.2167840303035753,-0.001573701500186847,catboost
ASY,5,top3,2026-05,189,0.4074074074074074,0.24819402414510217,0.23704808333350844,-0.01114594081159373,catboost
ASY,5,top3,2026-06,179,0.41899441340782123,0.21804485656888262,0.21889463242328794,0.0008497758544053213,hgb
ASY,5,top3,2026-07,166,0.4879518072289157,0.2517924608175076,0.25896393461890477,0.007171473801397155,hgb
ASY,5,top3,2026-08,216,0.4027777777777778,0.2444617213043681,0.2380860149112293,-0.006375706393138808,catboost
ASY,5,top3,2026-09,144,0.3472222222222222,0.21486266622911238,0.21255171084993174,-0.0023109553791806348,catboost
ASY,6,first,2026-03,176,0.005681818181818182,0.005733388787765866,0.006728821300199959,0.0009954325124340926,hgb
ASY,6,first,2026-04,198,0.030303030303030304,0.03013636218839374,0.030213058332076295,7.669614368255306e-05,hgb
ASY,6,first,2026-05,189,0.026455026455026454,0.025016170066820654,0.024395808343312144,-0.0006203617235085099,catboost
ASY,6,first,2026-06,179,0.0111731843575419,0.011205149616626,0.011065361399692046,-0.0001397882169339535,catboost
ASY,6,first,2026-07,166,0.024096385542168676,0.024092022945675425,0.023459204771234816,-0.0006328181744406081,catboost
ASY,6,first,2026-08,216,0.018518518518518517,0.01840567284954178,0.01816571951796159,-0.000239953331580188,catboost
ASY,6,first,2026-09,144,0.020833333333333332,0.020832504385012694,0.020945288733684654,0.00011278434867196055,hgb
ASY,6,top2,2026-03,176,0.045454545454545456,0.04647977968464898,0.04564515017393611,-0.0008346295107128712,catboost
ASY,6,top2,2026-04,198,0.09090909090909091,0.08289283346775259,0.08189775108016563,-0.0009950823875869569,catboost
ASY,6,top2,2026-05,189,0.08994708994708994,0.08513299241369002,0.08413230767239867,-0.0010006847412913494,catboost
ASY,6,top2,2026-06,179,0.07262569832402235,0.0712733783194661,0.06755978572655184,-0.003713592592914261,catboost
ASY,6,top2,2026-07,166,0.060240963855421686,0.059101482311037304,0.05428389799066347,-0.004817584320373831,catboost
ASY,6,top2,2026-08,216,0.12962962962962962,0.11669822146338615,0.11696307833007442,0.0002648568666882706,hgb
ASY,6,top2,2026-09,144,0.06944444444444445,0.06001227691812974,0.060828442028924984,0.0008161651107952417,hgb
ASY,6,top3,2026-03,176,0.19318181818181818,0.16366360240579236,0.1624171996663149,-0.001246402739477459,catboost
ASY,6,top3,2026-04,198,0.23232323232323232,0.1485096764081759,0.15132500313212588,0.00281532672394999,hgb
ASY,6,top3,2026-05,189,0.2275132275132275,0.1807609155082515,0.18508138370673735,0.004320468198485861,hgb
ASY,6,top3,2026-06,179,0.18435754189944134,0.14587475715416212,0.1500753397522196,0.004200582598057473,hgb
ASY,6,top3,2026-07,166,0.2289156626506024,0.172286044380772,0.1724518882195931,0.00016584383882109477,hgb
ASY,6,top3,2026-08,216,0.30092592592592593,0.19578479956109693,0.19126139877665307,-0.004523400784443854,catboost
ASY,6,top3,2026-09,144,0.1736111111111111,0.13011818025659866,0.12248754838234494,-0.007630631874253724,catboost
AMG,1,first,2026-03,246,0.6097560975609756,0.20679288547579294,0.20379435359259387,-0.002998531883199068,catboost
AMG,1,first,2026-04,138,0.6304347826086957,0.20924446611558456,0.2101352576952448,0.0008907915796602384,hgb
AMG,1,first,2026-05,159,0.6226415094339622,0.21558563784335025,0.21414567274136811,-0.0014399651019821325,catboost
AMG,1,first,2026-06,254,0.6259842519685039,0.21807881981660152,0.21901661297327266,0.0009377931566711406,hgb
AMG,1,first,2026-07,159,0.5974842767295597,0.20187519814029162,0.20886010303564564,0.006984904895354027,hgb
AMG,1,first,2026-08,252,0.5714285714285714,0.20103441735967148,0.2035574492343707,0.002523031874699211,hgb
AMG,1,first,2026-09,188,0.5425531914893617,0.2313338933233255,0.22687160202443957,-0.004462291298885923,catboost
AMG,1,top2,2026-03,246,0.7520325203252033,0.16837635688716285,0.16808048547876941,-0.0002958714083934333,catboost
AMG,1,top2,2026-04,138,0.8260869565217391,0.13920754489510692,0.14899836852783158,0.009790823632724655,hgb
AMG,1,top2,2026-05,159,0.779874213836478,0.18323425873440835,0.17340412792638404,-0.009830130808024307,catboost
AMG,1,top2,2026-06,254,0.7795275590551181,0.15536673052091468,0.15469007300687965,-0.0006766575140350339,catboost
AMG,1,top2,2026-07,159,0.7610062893081762,0.1481416650847587,0.14383510199414495,-0.004306563090613752,catboost
AMG,1,top2,2026-08,252,0.7619047619047619,0.15320440821958872,0.15349234127563427,0.0002879330560455473,hgb
AMG,1,top2,2026-09,188,0.7340425531914894,0.19213121378294534,0.19185992991561365,-0.00027128386733168974,catboost
AMG,1,top3,2026-03,246,0.8455284552845529,0.12271174585919825,0.11817908010984314,-0.004532665749355111,catboost
AMG,1,top3,2026-04,138,0.8985507246376812,0.0902252098831749,0.08936710567004129,-0.0008581042131336064,catboost
AMG,1,top3,2026-05,159,0.8930817610062893,0.0918208923844358,0.09456042821091186,0.0027395358264760555,hgb
AMG,1,top3,2026-06,254,0.8503937007874016,0.12141339756174538,0.11997771566323,-0.0014356818985153813,catboost
AMG,1,top3,2026-07,159,0.8364779874213837,0.11839667197051576,0.12103164507751538,0.0026349731069996163,hgb
AMG,1,top3,2026-08,252,0.8253968253968254,0.12698752319949602,0.12932878727697775,0.002341264077481725,hgb
AMG,1,top3,2026-09,188,0.8138297872340425,0.14739343907225375,0.14878497389824127,0.0013915348259875282,hgb
AMG,2,first,2026-03,246,0.13821138211382114,0.1010693549972422,0.09966565860405407,-0.0014036963931881308,catboost
AMG,2,first,2026-04,138,0.14492753623188406,0.11135758242268098,0.11495576708518299,0.003598184662502002,hgb
AMG,2,first,2026-05,159,0.1069182389937107,0.07269739984224877,0.07271855149903661,2.1151656787843365e-05,hgb
AMG,2,first,2026-06,254,0.11811023622047244,0.09593160470967382,0.09392235532756268,-0.002009249382111139,catboost
AMG,2,first,2026-07,159,0.13836477987421383,0.11897759440225536,0.1132970112531992,-0.005680583149056159,catboost
AMG,2,first,2026-08,252,0.13095238095238096,0.1056936163058407,0.10239290111683078,-0.0033007151890099284,catboost
AMG,2,first,2026-09,188,0.17553191489361702,0.13232309723440933,0.13386536377673708,0.0015422665423277526,hgb
AMG,2,top2,2026-03,246,0.3861788617886179,0.2135967821268735,0.2085515787264294,-0.005045203400444093,catboost
AMG,2,top2,2026-04,138,0.391304347826087,0.2086159147785756,0.2167874734369864,0.008171558658410794,hgb
AMG,2,top2,2026-05,159,0.389937106918239,0.22002021268667726,0.2125298900365488,-0.0074903226501284725,catboost
AMG,2,top2,2026-06,254,0.35826771653543305,0.2053254787670253,0.19990517279878195,-0.005420305968243361,catboost
AMG,2,top2,2026-07,159,0.389937106918239,0.21029308796841678,0.20833348711456282,-0.0019596008538539655,catboost
AMG,2,top2,2026-08,252,0.32936507936507936,0.20959019006805274,0.2047015309352042,-0.004888659132848527,catboost
AMG,2,top2,2026-09,188,0.39361702127659576,0.20984675657655022,0.20632844488222338,-0.003518311694326842,catboost
AMG,2,top3,2026-03,246,0.5447154471544715,0.22514477298462393,0.22379964679493425,-0.0013451261896896827,catboost
AMG,2,top3,2026-04,138,0.644927536231884,0.20203886127847234,0.19952929356622898,-0.0025095677122433657,catboost
AMG,2,top3,2026-05,159,0.559748427672956,0.21561540800344975,0.22061473970482368,0.004999331701373927,hgb
AMG,2,top3,2026-06,254,0.5433070866141733,0.22399227784586304,0.22442232400653508,0.0004300461606720485,hgb
AMG,2,top3,2026-07,159,0.5911949685534591,0.19937065181759211,0.19451359877643362,-0.004857053041158493,catboost
AMG,2,top3,2026-08,252,0.5,0.21955101894564152,0.22225945510845635,0.0027084361628148257,hgb
AMG,2,top3,2026-09,188,0.5691489361702128,0.21417823949844295,0.20797713427545186,-0.006201105222991082,catboost
AMG,3,first,2026-03,246,0.10569105691056911,0.08401089721450544,0.0868174816836716,0.0028065844691661512,hgb
AMG,3,first,2026-04,138,0.09420289855072464,0.07377543056719818,0.0750183430663651,0.001242912499166915,hgb
AMG,3,first,2026-05,159,0.11949685534591195,0.09886650999752426,0.0975735764912186,-0.0012929335063056602,catboost
AMG,3,first,2026-06,254,0.1062992125984252,0.08645137154946544,0.07985277397610663,-0.0065985975733588165,catboost
AMG,3,first,2026-07,159,0.1320754716981132,0.10039207669099862,0.10161861066229196,0.0012265339712933393,hgb
AMG,3,first,2026-08,252,0.12698412698412698,0.09942848427297203,0.0935414773119957,-0.0058870069609763265,catboost
AMG,3,first,2026-09,188,0.11702127659574468,0.08966019396437272,0.09065063122283228,0.000990437258459556,hgb
AMG,3,top2,2026-03,246,0.2967479674796748,0.1992655433850806,0.19315106610465785,-0.006114477280422748,catboost
AMG,3,top2,2026-04,138,0.35507246376811596,0.21301526207141355,0.20365737503204526,-0.009357887039368296,catboost
AMG,3,top2,2026-05,159,0.3081761006289308,0.18873110942894802,0.19161296873470507,0.002881859305757045,hgb
AMG,3,top2,2026-06,254,0.3464566929133858,0.19574588328316414,0.19462953657983828,-0.00111634670332586,catboost
AMG,3,top2,2026-07,159,0.29559748427672955,0.17130816334542875,0.16567495768133353,-0.0056332056640952255,catboost
AMG,3,top2,2026-08,252,0.3253968253968254,0.2060605683107149,0.2048338149470641,-0.001226753363650801,catboost
AMG,3,top2,2026-09,188,0.2872340425531915,0.18904491465237713,0.1921041613351803,0.003059246682803163,hgb
AMG,3,top3,2026-03,246,0.5284552845528455,0.23026516028459024,0.22489369510235518,-0.005371465182235052,catboost
AMG,3,top3,2026-04,138,0.5579710144927537,0.21961240138511726,0.22310683546295734,0.003494434077840086,hgb
AMG,3,top3,2026-05,159,0.5471698113207547,0.22139571073311612,0.21882865090164252,-0.002567059831473595,catboost
AMG,3,top3,2026-06,254,0.5118110236220472,0.21478585267148756,0.2208446834440486,0.00605883077256103,hgb
AMG,3,top3,2026-07,159,0.5157232704402516,0.20004532990393173,0.21402742648425757,0.013982096580325842,hgb
AMG,3,top3,2026-08,252,0.5158730158730159,0.23326557988042435,0.227231309294115,-0.006034270586309343,catboost
AMG,3,top3,2026-09,188,0.526595744680851,0.21473541435780186,0.2123484944990376,-0.0023869198587642693,catboost
AMG,4,first,2026-03,246,0.08943089430894309,0.08028274807254714,0.078418221086786,-0.0018645269857611307,catboost
AMG,4,first,2026-04,138,0.057971014492753624,0.05508285408601079,0.05399041353084446,-0.0010924405551663297,catboost
AMG,4,first,2026-05,159,0.09433962264150944,0.08500663861772394,0.08196926061086553,-0.00303737800685841,catboost
AMG,4,first,2026-06,254,0.08661417322834646,0.0718645670970337,0.07120834255259913,-0.0006562245444345777,catboost
AMG,4,first,2026-07,159,0.10062893081761007,0.08546945941155507,0.08274696323816712,-0.0027224961733879477,catboost
AMG,4,first,2026-08,252,0.0992063492063492,0.07820857523219404,0.07580446911811824,-0.0024041061140758074,catboost
AMG,4,first,2026-09,188,0.10638297872340426,0.09104650714793279,0.08529185850373978,-0.005754648644193006,catboost
AMG,4,top2,2026-03,246,0.3048780487804878,0.21167246443861293,0.20597205944125593,-0.005700404997356995,catboost
AMG,4,top2,2026-04,138,0.21739130434782608,0.15810104129132535,0.16245983386107388,0.004358792569748526,hgb
AMG,4,top2,2026-05,159,0.2830188679245283,0.20165073340945605,0.19494666114069215,-0.006704072268763905,catboost
AMG,4,top2,2026-06,254,0.2559055118110236,0.16895017010527116,0.1705607680543906,0.001610597949119441,hgb
AMG,4,top2,2026-07,159,0.33962264150943394,0.20021209797194153,0.20246630420363934,0.0022542062316978084,hgb
AMG,4,top2,2026-08,252,0.2698412698412698,0.18859525875209202,0.18444898111472302,-0.004146277637368995,catboost
AMG,4,top2,2026-09,188,0.30319148936170215,0.17032561043041622,0.17370275650161954,0.0033771460712033186,hgb
AMG,4,top3,2026-03,246,0.5203252032520326,0.2341943036467478,0.2324883616328603,-0.0017059420138874903,catboost
AMG,4,top3,2026-04,138,0.41304347826086957,0.20947581387534736,0.20751094990147548,-0.001964863973871883,catboost
AMG,4,top3,2026-05,159,0.5471698113207547,0.2184120121493033,0.20839928560989218,-0.010012726539411126,catboost
AMG,4,top3,2026-06,254,0.49606299212598426,0.21982236879440029,0.22633311014203536,0.006510741347635074,hgb
AMG,4,top3,2026-07,159,0.4968553459119497,0.19902243102228873,0.20749484600377724,0.008472414981488513,hgb
AMG,4,top3,2026-08,252,0.5158730158730159,0.22696868777324697,0.2159264723567499,-0.011042215416497081,catboost
AMG,4,top3,2026-09,188,0.5106382978723404,0.20849320888094533,0.20694379043474942,-0.0015494184461959104,catboost
AMG,5,first,2026-03,246,0.04065040650406504,0.03994699002598207,0.04067085582468887,0.0007238657987067992,hgb
AMG,5,first,2026-04,138,0.06521739130434782,0.05926307802480466,0.060119045935043205,0.0008559679102385434,hgb
AMG,5,first,2026-05,159,0.0440251572327044,0.03827610770871321,0.036443147695628314,-0.0018329600130848958,catboost
AMG,5,first,2026-06,254,0.051181102362204724,0.04710806220885189,0.048146749150577504,0.0010386869417256112,hgb
AMG,5,first,2026-07,159,0.031446540880503145,0.0318600832330443,0.032812079915816354,0.0009519966827720508,hgb
AMG,5,first,2026-08,252,0.051587301587301584,0.04825187023381674,0.04537525328726524,-0.0028766169465515024,catboost
AMG,5,first,2026-09,188,0.05319148936170213,0.04976254089716298,0.049325383911787736,-0.0004371569853752408,catboost
AMG,5,top2,2026-03,246,0.18292682926829268,0.14217383262067143,0.14013607180803614,-0.002037760812635292,catboost
AMG,5,top2,2026-04,138,0.15217391304347827,0.12974457626504524,0.13094155638817961,0.001196980123134378,hgb
AMG,5,top2,2026-05,159,0.1509433962264151,0.12760433453102338,0.12472559040125292,-0.002878744129770461,catboost
AMG,5,top2,2026-06,254,0.18503937007874016,0.1448855532876287,0.1442608487953194,-0.0006247044923093081,catboost
AMG,5,top2,2026-07,159,0.14465408805031446,0.13148327748553618,0.13522079336126822,0.0037375158757320392,hgb
AMG,5,top2,2026-08,252,0.2222222222222222,0.1572556863431512,0.1603135678466618,0.003057881503510579,hgb
AMG,5,top2,2026-09,188,0.2074468085106383,0.15506105308302368,0.15402253822712006,-0.0010385148559036161,catboost
AMG,5,top3,2026-03,246,0.35772357723577236,0.22126240869684652,0.21503112627393547,-0.006231282422911044,catboost
AMG,5,top3,2026-04,138,0.36231884057971014,0.21597262950836613,0.222085386041217,0.0061127565328508715,hgb
AMG,5,top3,2026-05,159,0.2641509433962264,0.18446263717548114,0.18533271677526758,0.0008700795997864386,hgb
AMG,5,top3,2026-06,254,0.3543307086614173,0.21608294940207234,0.21733793460635967,0.0012549852042873233,hgb
AMG,5,top3,2026-07,159,0.3584905660377358,0.2178048871810356,0.21034515712864116,-0.007459730052394448,catboost
AMG,5,top3,2026-08,252,0.4246031746031746,0.21731623288133706,0.2118292954803014,-0.005486937401035646,catboost
AMG,5,top3,2026-09,188,0.3617021276595745,0.21930595743072592,0.2119741006705676,-0.007331856760158323,catboost
AMG,6,first,2026-03,246,0.016260162601626018,0.01451212028904756,0.015080155613463512,0.0005680353244159522,hgb
AMG,6,first,2026-04,138,0.007246376811594203,0.007368514571110305,0.007175831410096014,-0.00019268316101429123,catboost
AMG,6,first,2026-05,159,0.012578616352201259,0.012661919670619692,0.012210702055493884,-0.0004512176151258082,catboost
AMG,6,first,2026-06,254,0.011811023622047244,0.011735661051322283,0.011619631215041417,-0.00011602983628086587,catboost
AMG,6,first,2026-07,159,0.0,8.429523021631288e-05,0.00032665495205496943,0.00024235972183865654,hgb
AMG,6,first,2026-08,252,0.01984126984126984,0.017995000151146558,0.017842011668117882,-0.00015298848302867582,catboost
AMG,6,first,2026-09,188,0.005319148936170213,0.0053769254739536535,0.005574867910273385,0.00019794243631973164,hgb
AMG,6,top2,2026-03,246,0.07723577235772358,0.06442865912627459,0.06634797794712449,0.0019193188208499051,hgb
AMG,6,top2,2026-04,138,0.057971014492753624,0.05376098869398738,0.0499442209307593,-0.0038167677632280766,catboost
AMG,6,top2,2026-05,159,0.0880503144654088,0.07356001757186906,0.07057918926614506,-0.0029808283057239926,catboost
AMG,6,top2,2026-06,254,0.07480314960629922,0.06765024329628068,0.06490950373380572,-0.0027407395624749614,catboost
AMG,6,top2,2026-07,159,0.06918238993710692,0.06406352125527164,0.0633042337080834,-0.0007592875471882365,catboost
AMG,6,top2,2026-08,252,0.09126984126984126,0.07623239120241568,0.07518946823288798,-0.001042922969527696,catboost
AMG,6,top2,2026-09,188,0.07446808510638298,0.07214837558460788,0.06858651234017643,-0.0035618632444314458,catboost
AMG,6,top3,2026-03,246,0.2032520325203252,0.14408324677473894,0.1449367789034238,0.0008535321286848585,hgb
AMG,6,top3,2026-04,138,0.12318840579710146,0.08908163863023992,0.08727198929691538,-0.001809649333324545,catboost
AMG,6,top3,2026-05,159,0.18867924528301888,0.13127840629196866,0.12893489297251523,-0.0023435133194534274,catboost
AMG,6,top3,2026-06,254,0.2440944881889764,0.17559459499911328,0.18119185174538996,0.005597256746276674,hgb
AMG,6,top3,2026-07,159,0.18867924528301888,0.14289189134097072,0.1403948607612642,-0.002497030579706516,catboost
AMG,6,top3,2026-08,252,0.21825396825396826,0.16167696950795227,0.15786289053437091,-0.003814078973581353,catboost
AMG,6,top3,2026-09,188,0.21808510638297873,0.15718676255260283,0.14454277509624106,-0.012643987456361777,catboost
