place,course,target,feature_set,feature_count,train_n,valid_n,test_n,train_positive_rate,valid_positive_rate,test_positive_rate,valid_hgb_brier,valid_catboost_brier,valid_catboost_minus_hgb_brier,valid_winner,test_hgb_brier,test_catboost_brier,test_catboost_minus_hgb_brier,test_winner,test_hgb_log_loss,test_catboost_log_loss,test_hgb_auc,test_catboost_auc,test_hgb_accuracy_0_5,test_catboost_accuracy_0_5,test_hgb_probability_mean,test_catboost_probability_mean,hgb_fit_seconds,catboost_fit_seconds,hgb_predict_seconds,catboost_predict_seconds
ASY,1,first,post_exhibition,170,3500,1148,1268,0.5957142857142858,0.6088850174216028,0.6033123028391167,0.21900093458121256,0.216457074132026,-0.002543860449186558,catboost,0.22328653214321192,0.2247273323537626,0.00144080021055068,hgb,0.6425230473958218,0.6438587163979744,0.6621577723203264,0.6534986161462597,0.6585173501577287,0.6419558359621451,0.5932695000570608,0.5931665853530238,2.0292158257216215,4.510665602050722,0.03558089304715395,0.008087750989943743
ASY,1,top2,post_exhibition,170,3500,1148,1268,0.7605714285714286,0.759581881533101,0.7563091482649842,0.16732552871265505,0.16590495209453707,-0.0014205766181179802,catboost,0.17376148776796774,0.172763294012113,-0.0009981937558547482,catboost,0.5337385834657187,0.5292592760031993,0.6566069699086494,0.659657612602124,0.7563091482649842,0.7626182965299685,0.7770212178994085,0.7755408643929073,2.0781096550635993,4.502330809831619,0.0355617543682456,0.010860892944037914
ASY,1,top3,post_exhibition,170,3500,1148,1268,0.844,0.8405923344947736,0.8343848580441641,0.12578270901917651,0.12301542997257066,-0.0027672790466058556,catboost,0.1320150619204902,0.13245063595763645,0.0004355740371462524,hgb,0.4364703804707943,0.4338741060121283,0.6650283553875236,0.6542533081285444,0.8367507886435331,0.832018927444795,0.8661541760561406,0.8620511377876707,2.084081365726888,4.461773883085698,0.0353984571993351,0.008348721079528332
ASY,2,first,post_exhibition,170,3500,1148,1268,0.09714285714285714,0.10365853658536585,0.09779179810725552,0.08527114923312762,0.08286687121087406,-0.002404278022253556,catboost,0.08273052975795658,0.08090964786750911,-0.001820881890447476,catboost,0.29681908482284497,0.2862934514322387,0.7369938529212723,0.7419848296864427,0.8990536277602523,0.9006309148264984,0.07130197634882686,0.08394504796448327,2.198668295983225,4.471066392958164,0.03656488563865423,0.0083496137522161
ASY,2,top2,post_exhibition,170,3500,1148,1268,0.3274285714285714,0.3318815331010453,0.34936908517350157,0.20853464364105465,0.20489907349987413,-0.0036355701411805164,catboost,0.2160261152087542,0.21391348184947548,-0.0021126333592787205,catboost,0.6236947528263965,0.6194741265256156,0.6528928107257678,0.6513359326903345,0.6640378548895899,0.6703470031545742,0.32419755745442863,0.3194756458426421,2.053525567986071,4.516888989135623,0.034932001028209925,0.011711383238434792
ASY,2,top3,post_exhibition,170,3500,1148,1268,0.5162857142857142,0.5426829268292683,0.5488958990536278,0.23865172289292835,0.2357286890230477,-0.002923033869880659,catboost,0.24219145489842944,0.23713589417290104,-0.005055560725528402,catboost,0.6800330418624465,0.6681234335096444,0.6265573506952817,0.6384107989711438,0.5843848580441641,0.6041009463722398,0.5268385587942759,0.5253027160540342,2.0495174913667142,4.484907661098987,0.03505665296688676,0.007941626943647861
ASY,3,first,post_exhibition,170,3500,1148,1268,0.10971428571428571,0.10278745644599303,0.10725552050473186,0.09286148993624486,0.09179495026488461,-0.0010665396713602504,catboost,0.09427484076295722,0.09025425811007738,-0.004020582652879842,catboost,0.3443867999011749,0.3188696039039764,0.6498194242361255,0.6888575659945958,0.8903785488958991,0.8935331230283912,0.08378367781935693,0.0928703874493602,2.1168524120002985,4.454722844995558,0.0364448931068182,0.008152652997523546
ASY,3,top2,post_exhibition,170,3500,1148,1268,0.3402857142857143,0.33885017421602787,0.3249211356466877,0.2165763280349282,0.21089253554465132,-0.0056837924902768955,catboost,0.20674238718584748,0.20647116194181303,-0.00027122524403444537,catboost,0.6011242977636261,0.5997547863824718,0.6543984211958986,0.6515374058615371,0.668769716088328,0.6805993690851735,0.33034008323357605,0.3274127386224499,2.0306661250069737,4.4753628629259765,0.03509178012609482,0.011625264305621386
ASY,3,top3,post_exhibition,170,3500,1148,1268,0.5337142857142857,0.5348432055749129,0.5078864353312302,0.23991373887440837,0.2378251575182562,-0.0020885813561521693,catboost,0.2301708418463994,0.2308896975550378,0.0007188557086383884,hgb,0.6515681839844447,0.6545024529512284,0.6654323936932631,0.6661814182194616,0.6072555205047319,0.6261829652996845,0.5347337063623553,0.5381158357605674,2.0388607047498226,4.520842171739787,0.03496531909331679,0.008460331242531538
ASY,4,first,post_exhibition,170,3500,1148,1268,0.11314285714285714,0.09930313588850175,0.1056782334384858,0.0870005936541557,0.08453712097072631,-0.0024634726834293907,catboost,0.09757035246015532,0.0946879126938924,-0.0028824397662629148,catboost,0.355212862635014,0.3385380204186563,0.5989299534075653,0.6138158414277817,0.88801261829653,0.8927444794952681,0.09110381977539005,0.09767726517236151,2.308034711983055,4.449678512755781,0.03591960994526744,0.008875335101038218
ASY,4,top2,post_exhibition,170,3500,1148,1268,0.292,0.2787456445993031,0.2823343848580442,0.18584285666278327,0.18572061750401986,-0.0001222391587634153,catboost,0.19505172242249388,0.19312616098337393,-0.001925561439119955,catboost,0.5761783048292214,0.5725284436890486,0.6468506353981214,0.6449628583706797,0.7066246056782335,0.7137223974763407,0.2952040405062096,0.28299064211288544,2.0205101617611945,4.558377089444548,0.03523188503459096,0.013441331218928099
ASY,4,top3,post_exhibition,170,3500,1148,1268,0.48142857142857143,0.48519163763066203,0.472397476340694,0.22678400024227358,0.22318469607902183,-0.003599304163251743,catboost,0.23601888673352028,0.22844637330060982,-0.00757251343291046,catboost,0.6646725747181632,0.6490868838047615,0.6450711325053464,0.6693642368571435,0.5993690851735016,0.611198738170347,0.49473682174456,0.4935056585716982,2.3036099150776863,4.480234653688967,0.035678465850651264,0.008325805887579918
ASY,5,first,post_exhibition,170,3500,1148,1268,0.06085714285714286,0.06707317073170732,0.06624605678233439,0.06473083188733184,0.062219265957695453,-0.002511565929636382,catboost,0.06315085216253236,0.06132682409643907,-0.001824028066093289,catboost,0.27133397076814525,0.24238098717677473,0.5909045205920206,0.6247787966537965,0.9337539432176656,0.9337539432176656,0.034446995020869176,0.04742030567570792,2.1496552717871964,4.457107165828347,0.037052450235933065,0.007580437231808901
ASY,5,top2,post_exhibition,170,3500,1148,1268,0.1997142857142857,0.21428571428571427,0.20504731861198738,0.17011395372024393,0.16667259202752635,-0.0034413616927175816,catboost,0.16374355055697074,0.15901205513379393,-0.004731495423176801,catboost,0.5123941070305184,0.49818657152349294,0.5913308913308913,0.6065438034188034,0.7933753943217665,0.7988958990536278,0.18559059513320866,0.18558146492208086,2.06592556880787,4.564810738898814,0.03738905722275376,0.00701599707826972
ASY,5,top3,post_exhibition,170,3500,1148,1268,0.3977142857142857,0.38501742160278746,0.4108832807570978,0.2292676459886905,0.23145718902688436,0.002189543038193853,hgb,0.23263219472411525,0.2313933009706573,-0.0012388937534579536,catboost,0.6612421051107769,0.6556993553424879,0.6290395105694692,0.6277624894973368,0.6261829652996845,0.6230283911671924,0.3939285489051631,0.38966487847013914,1.9712509638629854,4.505534706171602,0.03520120494067669,0.00814907206222415
ASY,6,first,post_exhibition,170,3500,1148,1268,0.023428571428571427,0.018292682926829267,0.01971608832807571,0.017854124207066654,0.0178003163062018,-5.38079008648544e-05,catboost,0.019467378422617417,0.019394408952344195,-7.296947027322226e-05,catboost,0.11949596448595612,0.09431750896606658,0.6495575221238938,0.6792598551890587,0.9802839116719243,0.9802839116719243,0.0036954470459284244,0.01560077900052198,2.2677261605858803,4.392501932103187,0.03746152017265558,0.007980562280863523
ASY,6,top2,post_exhibition,170,3500,1148,1268,0.08,0.07665505226480836,0.08201892744479496,0.06904395031272442,0.0670973131176755,-0.0019466371950489225,catboost,0.07657785671326447,0.07514034430404817,-0.0014375124092163016,catboost,0.29717580939396127,0.28056512154753876,0.652871398361089,0.6459820248480043,0.917981072555205,0.917981072555205,0.04732271997275167,0.06104962790038668,2.884652285836637,5.3261614642106,0.050432109739631414,0.010613001883029938
ASY,6,top3,post_exhibition,170,3500,1148,1268,0.22542857142857142,0.20905923344947736,0.22397476340694006,0.15456732376025875,0.15368659110026917,-0.0008807326599895859,catboost,0.16412549096470672,0.16401366533511058,-0.00011182562959613507,catboost,0.504400795754954,0.5019986303936448,0.6789154643306996,0.6755374728043055,0.7697160883280757,0.7712933753943217,0.20649124704329794,0.2052378098140575,2.6375638372264802,5.564437434077263,0.04554854705929756,0.009281652979552746
AMG,1,first,post_exhibition,170,3866,655,1396,0.5863942058975685,0.6137404580152672,0.5988538681948424,0.2018932593814837,0.2018580673081108,-3.5192073372908306e-05,catboost,0.2117955046026031,0.2120118574334773,0.00021635283087420576,hgb,0.6142493088184507,0.6140337633019425,0.6993036568694464,0.6970864661654136,0.6755014326647565,0.670487106017192,0.5905439217361468,0.5917768791022265,2.0645784162916243,4.323180733714253,0.02896166779100895,0.00810919888317585
AMG,1,top2,post_exhibition,170,3866,655,1396,0.7480600103466115,0.749618320610687,0.7679083094555874,0.16766484826323835,0.17032626469239345,0.0026614164291551,hgb,0.1629737288623616,0.16217165273017534,-0.0008020761321862746,catboost,0.5022142500025903,0.5008491057507629,0.689308089183711,0.6844884374424176,0.7614613180515759,0.7750716332378224,0.7643415746205555,0.761720568407798,2.005792514886707,4.301470306701958,0.0288574006408453,0.01084308186545968
AMG,1,top3,post_exhibition,170,3866,655,1396,0.8285049146404553,0.8381679389312977,0.8481375358166189,0.12223351164784313,0.11689345091381718,-0.005340060734025945,catboost,0.11934999036548585,0.11942738052111404,7.739015562818752e-05,hgb,0.39543773910374763,0.39188084302606985,0.6934719212136665,0.7024915540540541,0.8467048710601719,0.8474212034383954,0.8457562299996324,0.8463964676097241,2.2709565861150622,4.3002561326138675,0.028717862907797098,0.008739744778722525
AMG,2,first,post_exhibition,170,3866,655,1396,0.11717537506466633,0.09312977099236641,0.1353868194842407,0.07908261667943589,0.07627593280833996,-0.0028066838710959358,catboost,0.10500350499564876,0.10371353873683874,-0.0012899662588100186,catboost,0.35689883242394943,0.3477730101058599,0.7440941947984201,0.7516252197279537,0.8674785100286533,0.8703438395415473,0.10527640750930173,0.10897412294117827,2.127574420068413,4.360779920592904,0.029847188852727413,0.008203663397580385
AMG,2,top2,post_exhibition,170,3866,655,1396,0.3660113812726332,0.3648854961832061,0.37320916905444124,0.2162072133644723,0.214846135320403,-0.0013610780440692916,catboost,0.2107265108790684,0.20722642119803195,-0.0035000896810364612,catboost,0.6094087578219601,0.6005835213838635,0.6938612558267068,0.7025434603783932,0.663323782234957,0.6776504297994269,0.3612042764428572,0.3694406558992495,2.1680652531795204,4.358734796289355,0.0291087469086051,0.007976904045790434
AMG,2,top3,post_exhibition,170,3866,655,1396,0.5463010863942059,0.5389312977099237,0.5565902578796562,0.22181106415502233,0.22360289264183697,0.0017918284868146395,hgb,0.21614338459530835,0.2154065298502788,-0.0007368547450295471,catboost,0.6210883461581433,0.6188908359961,0.7020498458301366,0.7041560369508673,0.6511461318051576,0.6540114613180515,0.5540828195714724,0.5522521905921308,2.043942229822278,4.329287368804216,0.028719161171466112,0.008866764605045319
AMG,3,first,post_exhibition,170,3866,655,1396,0.11976202793585101,0.09770992366412214,0.11461318051575932,0.08377203328490919,0.08251497098646761,-0.0012570622984415802,catboost,0.09054480536688544,0.0890247601269314,-0.0015200452399540404,catboost,0.31100792410837264,0.3061993490147399,0.7623533576051779,0.76572107605178,0.8832378223495702,0.8889684813753582,0.10292915201967863,0.10623112245675798,2.0844532819464803,4.368211362976581,0.030538175255060196,0.006285279989242554
AMG,3,top2,post_exhibition,170,3866,655,1396,0.3419555095706156,0.3251908396946565,0.3166189111747851,0.20028151379104875,0.1964887314103489,-0.003792782380699855,catboost,0.1954504553958321,0.19312196726738623,-0.0023284881284458825,catboost,0.5766010201448659,0.5713888192967351,0.6914823984746293,0.6966191411252455,0.7091690544412608,0.7084527220630372,0.3375478266412972,0.3342202934309497,2.0172550077550113,4.330644602421671,0.029650473967194557,0.01033557578921318
AMG,3,top3,post_exhibition,170,3866,655,1396,0.5488877392653906,0.5251908396946565,0.5265042979942693,0.22187056702303345,0.22234778992044626,0.0004772228974128101,hgb,0.22039373702731913,0.2207844305846347,0.0003906935573155801,hgb,0.631850719834705,0.6325279302640292,0.7003344756964813,0.6991818209886074,0.6475644699140402,0.6396848137535817,0.5558705082542836,0.5569639103364512,1.9889787873253226,4.317226467188448,0.02862056903541088,0.009062976110726595
AMG,4,first,post_exhibition,170,3866,655,1396,0.09906880496637352,0.11450381679389313,0.09169054441260745,0.10106116794652788,0.1000232024775064,-0.0010379654690214762,catboost,0.07846389242216495,0.0760429467560395,-0.002420945666125454,catboost,0.2869563146599187,0.27230208217351076,0.7062056388012617,0.7409490832018928,0.9061604584527221,0.9083094555873925,0.07419608746946604,0.0811201634873882,2.123267896939069,4.3362187230959535,0.02944124210625887,0.00894160382449627
AMG,4,top2,post_exhibition,170,3866,655,1396,0.2721158820486291,0.26259541984732826,0.2822349570200573,0.19476135114180096,0.19070788251103857,-0.004053468630762391,catboost,0.18642272443619498,0.18534164880670181,-0.0010810756294931667,catboost,0.5573867611208504,0.5548159149877898,0.682804441877666,0.6828500359686717,0.7292263610315186,0.7342406876790831,0.27116086341297785,0.26689187647381957,2.01579298870638,4.32890953682363,0.028951832093298435,0.007641355041414499
AMG,4,top3,post_exhibition,170,3866,655,1396,0.48939472322814276,0.4732824427480916,0.5035816618911175,0.24457319412880993,0.23969775077979394,-0.00487544334901599,catboost,0.21856679923956635,0.2168791752051372,-0.0016876240344291527,catboost,0.6273465379127576,0.6232982461889874,0.7065575486628118,0.7091767091767092,0.6532951289398281,0.6575931232091691,0.49182742139408675,0.49175267669662515,2.0674963290803134,4.3839151118882,0.02885796409100294,0.009060194250196218
AMG,5,first,post_exhibition,170,3866,655,1396,0.05845835488877393,0.059541984732824425,0.04799426934097421,0.05672170569434948,0.055927727544662686,-0.0007939781496867915,catboost,0.04486905119068118,0.04459172661187876,-0.0002773245788024181,catboost,0.19106262912215147,0.18509417912693962,0.6525049695091136,0.6538638635266106,0.9505730659025788,0.9520057306590258,0.036405889742113166,0.0484982989235046,2.128625233657658,4.278514125850052,0.030085636768490076,0.008425990119576454
AMG,5,top2,post_exhibition,170,3866,655,1396,0.18727366787377134,0.22748091603053436,0.1826647564469914,0.17030314900611798,0.17037058752668402,6.743852056603772e-05,hgb,0.1430195459405692,0.14317506829703078,0.00015552235646157375,hgb,0.460261343225031,0.45795309032537557,0.6412538021343506,0.6477324672200169,0.8223495702005731,0.8151862464183381,0.17605211086073627,0.17214240241159265,2.009371815249324,4.316910061985254,0.028701510280370712,0.007323925849050283
AMG,5,top3,post_exhibition,170,3866,655,1396,0.3605794102431454,0.4259541984732824,0.35959885386819485,0.2366214175709266,0.22917301878240745,-0.007448398788519162,catboost,0.21423609714574834,0.21124224288317733,-0.0029938542625710107,catboost,0.6180159002382889,0.6109618924504121,0.6596566753121741,0.6692803729154969,0.6747851002865329,0.6776504297994269,0.36364296945392177,0.36092689417750434,2.055171685293317,4.364924271125346,0.04157110210508108,0.007723551243543625
AMG,6,first,post_exhibition,170,3866,655,1396,0.019141231246766685,0.021374045801526718,0.011461318051575931,0.021269371031823584,0.020832723032611293,-0.0004366479992122911,catboost,0.010845232596977023,0.010880423507036649,3.5190910059625796e-05,hgb,0.06270939653881277,0.05401523663898767,0.7577445652173913,0.8417572463768116,0.9885386819484241,0.9885386819484241,0.00376716664968277,0.01349620157647821,2.284144945908338,4.25012438185513,0.030400088988244534,0.008699572645127773
AMG,6,top2,post_exhibition,170,3866,655,1396,0.08458354888773927,0.07022900763358779,0.07736389684813753,0.06481186204007497,0.06260797126969839,-0.002203890770376582,catboost,0.06812910332988503,0.06649741660413132,-0.0016316867257537143,catboost,0.25102281083540834,0.2411698463158137,0.742466068553025,0.7600140901771336,0.923352435530086,0.9226361031518625,0.060229895305106605,0.06741019496760947,2.1734561645425856,4.294752580113709,0.029833044856786728,0.007504538632929325
AMG,6,top3,post_exhibition,170,3866,655,1396,0.22503879979306776,0.1969465648854962,0.20415472779369628,0.15503757158144107,0.1521056505327225,-0.0029319210487185887,catboost,0.14772604367253894,0.14577337639897658,-0.0019526672735623585,catboost,0.45832369490251224,0.4559026354983907,0.7196330159331723,0.71840447202615,0.7944126074498568,0.7994269340974212,0.20448480024404603,0.20593156845804494,2.0383168649859726,4.315679959021509,0.028939958196133375,0.006978369317948818
