place,course,target,month,n,positive_rate,hgb_brier,catboost_brier,flaml_brier,ebm_brier,winner
ASY,1,first,2026-03,176,0.6534090909090909,0.20148993511488691,0.20432110660465622,0.20933323126484307,0.20273081340572874,hgb
ASY,1,first,2026-04,198,0.5707070707070707,0.23731225350420693,0.23912396309638326,0.23146120639362106,0.242186619686243,flaml
ASY,1,first,2026-05,189,0.6031746031746031,0.23229999597608306,0.23310589375243085,0.22347375347647802,0.226595620115649,flaml
ASY,1,first,2026-06,179,0.6312849162011173,0.21552178433742328,0.21600114375103793,0.21552401392883933,0.20575752099521977,ebm
ASY,1,first,2026-07,166,0.5240963855421686,0.23873099731904088,0.24930916365053082,0.23312438522458737,0.2346047638853366,flaml
ASY,1,first,2026-08,216,0.5879629629629629,0.23323555373838648,0.22621832592352759,0.22211208215570208,0.2287634872851464,flaml
ASY,1,first,2026-09,144,0.6666666666666666,0.1957357235083954,0.19914930383994703,0.20367807183185593,0.19679540875844198,hgb
ASY,1,top2,2026-03,176,0.8125,0.14554619113311698,0.15119638089168355,0.15051530835041424,0.16721289449114504,hgb
ASY,1,top2,2026-04,198,0.7878787878787878,0.16824821413490124,0.166899374139589,0.1630604898679987,0.16224337847699158,ebm
ASY,1,top2,2026-05,189,0.7407407407407407,0.1859512699806802,0.18639961899972743,0.18630672691471548,0.192425664544178,hgb
ASY,1,top2,2026-06,179,0.7877094972067039,0.14952942639569702,0.14951095027024397,0.15128222382829826,0.14539967277832722,ebm
ASY,1,top2,2026-07,166,0.6927710843373494,0.20458565664437284,0.19877750795061938,0.20346919552699397,0.2067307467141951,catboost
ASY,1,top2,2026-08,216,0.6944444444444444,0.21149311234195206,0.20787570106088182,0.20746341739823204,0.21237864096319647,flaml
ASY,1,top2,2026-09,144,0.7916666666666666,0.13781945716415406,0.1355348045313118,0.1437033636297178,0.13807161855738118,catboost
ASY,1,top3,2026-03,176,0.8522727272727273,0.11680694802699064,0.12109489251299137,0.12077075080870911,0.1245594772972785,hgb
ASY,1,top3,2026-04,198,0.8636363636363636,0.11297298879140734,0.11272461723914683,0.11207072671312561,0.11496673540983945,flaml
ASY,1,top3,2026-05,189,0.8624338624338624,0.11245543162737946,0.11422521325538523,0.1138322075556327,0.1191462551310489,hgb
ASY,1,top3,2026-06,179,0.8435754189944135,0.12105850609932334,0.11998747320586597,0.12059212873776731,0.11613739760678271,ebm
ASY,1,top3,2026-07,166,0.7771084337349398,0.1842609499912795,0.1766875654063584,0.17463335054897675,0.17249700061381915,ebm
ASY,1,top3,2026-08,216,0.7685185185185185,0.17879133569239572,0.17835332108215957,0.17029549756930581,0.1755822053560518,flaml
ASY,1,top3,2026-09,144,0.8888888888888888,0.08568492016853525,0.09301704776615057,0.09338387849445182,0.09588214121095187,hgb
ASY,2,first,2026-03,176,0.10227272727272728,0.08732781568219576,0.08833346276003809,0.08705146660338178,0.09033734341595208,flaml
ASY,2,first,2026-04,198,0.13131313131313133,0.1069826945520328,0.10359305984418539,0.10582876523473611,0.103742374120511,catboost
ASY,2,first,2026-05,189,0.0582010582010582,0.0532775460559432,0.056559150716194065,0.055823601117592055,0.05629930811573344,hgb
ASY,2,first,2026-06,179,0.10614525139664804,0.08045665372081759,0.07784786781508093,0.07843176192273382,0.07868495327070066,catboost
ASY,2,first,2026-07,166,0.1144578313253012,0.1020861384626179,0.09285909738905257,0.09133092980910583,0.09257850353101184,flaml
ASY,2,first,2026-08,216,0.07407407407407407,0.06859036077300544,0.06795787010240477,0.06441347280166115,0.06801370776985637,flaml
ASY,2,first,2026-09,144,0.10416666666666667,0.08414603138442109,0.08206500186197112,0.08502011095169149,0.07741468900853352,ebm
ASY,2,top2,2026-03,176,0.3522727272727273,0.20890580194151173,0.21050276871722245,0.20494897505142076,0.2096613733882059,flaml
ASY,2,top2,2026-04,198,0.3838383838383838,0.2348896946436234,0.23758615277848666,0.23018706073989254,0.23603963607328923,flaml
ASY,2,top2,2026-05,189,0.30158730158730157,0.20987317560728178,0.19733105471087678,0.20407873416515823,0.19720103692015994,ebm
ASY,2,top2,2026-06,179,0.35195530726256985,0.2031905553217269,0.20852199664359441,0.211339495870069,0.210151403972601,hgb
ASY,2,top2,2026-07,166,0.3795180722891566,0.21716545695354114,0.20423254523006526,0.2126503475622287,0.20946705007104963,catboost
ASY,2,top2,2026-08,216,0.3472222222222222,0.2178329326561668,0.2176940820644214,0.2062032756922013,0.21561326046740334,flaml
ASY,2,top2,2026-09,144,0.3263888888888889,0.21879871182758037,0.21948762824373902,0.2137795859781935,0.2146239465342415,flaml
ASY,2,top3,2026-03,176,0.5284090909090909,0.23686583191149427,0.23521020683229332,0.22842565063221307,0.22992073954649533,flaml
ASY,2,top3,2026-04,198,0.5808080808080808,0.25025721183750294,0.2487947450433618,0.25344287254482933,0.24180178854033263,ebm
ASY,2,top3,2026-05,189,0.5026455026455027,0.24246399754453668,0.24221428427796565,0.23789496153445122,0.2402575309379486,flaml
ASY,2,top3,2026-06,179,0.5810055865921788,0.23821727181396835,0.24038598701349212,0.23315308066670953,0.2398360503177778,flaml
ASY,2,top3,2026-07,166,0.5481927710843374,0.2109958511327836,0.20101625558550915,0.21249979438799504,0.19704235392878985,ebm
ASY,2,top3,2026-08,216,0.5416666666666666,0.248903039460033,0.24173557303172402,0.2382647332136117,0.2458011627549361,flaml
ASY,2,top3,2026-09,144,0.5625,0.2680867739509234,0.24749155752897037,0.24605856666110584,0.24763046391588497,flaml
ASY,3,first,2026-03,176,0.09090909090909091,0.07917312618611003,0.07629744699427804,0.07788830374012393,0.08198957714102041,catboost
ASY,3,first,2026-04,198,0.08585858585858586,0.07170371550107299,0.0721882202222526,0.07473443876278503,0.07427213392996904,hgb
ASY,3,first,2026-05,189,0.13756613756613756,0.11663678184264502,0.11492467145011748,0.1129978450129243,0.11504875072698968,flaml
ASY,3,first,2026-06,179,0.11731843575418995,0.1059546487492286,0.0994512267008582,0.10373715061789276,0.10302032439543314,catboost
ASY,3,first,2026-07,166,0.15060240963855423,0.13649557427264897,0.12597135208878926,0.12558682538599997,0.12979070987537064,flaml
ASY,3,first,2026-08,216,0.1111111111111111,0.10062393607554147,0.09451616768836012,0.09442627485302844,0.10071356403793404,flaml
ASY,3,first,2026-09,144,0.04861111111111111,0.04170432495495433,0.04077438790019835,0.04505871117191714,0.0438320683171607,catboost
ASY,3,top2,2026-03,176,0.35795454545454547,0.221826262471099,0.21998683510726688,0.2187798595742037,0.2194690138981203,flaml
ASY,3,top2,2026-04,198,0.2828282828282828,0.168784889743092,0.17832380501855935,0.18130737608432296,0.1826511511359915,hgb
ASY,3,top2,2026-05,189,0.328042328042328,0.21265571003917014,0.21897262110159219,0.20821978933809493,0.21131240965839718,flaml
ASY,3,top2,2026-06,179,0.3463687150837989,0.2405433457721329,0.22532369606280472,0.21824199376564213,0.22294984293765346,flaml
ASY,3,top2,2026-07,166,0.3072289156626506,0.20086313642732792,0.1984929754000891,0.1977095511297345,0.2014607043770542,flaml
ASY,3,top2,2026-08,216,0.35648148148148145,0.2203594474266604,0.21908757731129858,0.20886346381985074,0.21178411314099374,flaml
ASY,3,top2,2026-09,144,0.2847222222222222,0.17707227226318725,0.17908416229560378,0.1761737904703395,0.18314525003690468,flaml
ASY,3,top3,2026-03,176,0.5738636363636364,0.22978769365150223,0.22974947846783822,0.23148966261046014,0.2229927072055518,ebm
ASY,3,top3,2026-04,198,0.5,0.22392721451608805,0.23069942963553364,0.22967954690513978,0.23229756625404294,hgb
ASY,3,top3,2026-05,189,0.5026455026455027,0.23502625440796393,0.23455120662749468,0.23689793062853912,0.2336236982516392,ebm
ASY,3,top3,2026-06,179,0.5139664804469274,0.2257552349893947,0.22405213951813047,0.22381215083652536,0.22233251738384624,ebm
ASY,3,top3,2026-07,166,0.45180722891566266,0.241879889500943,0.24192662190823339,0.24094432361004683,0.2438113211816643,flaml
ASY,3,top3,2026-08,216,0.5138888888888888,0.2349241664203671,0.23268884821069044,0.22819824886383935,0.2264433656044792,ebm
ASY,3,top3,2026-09,144,0.4930555555555556,0.2177123205154302,0.2208168037846875,0.22032348190394002,0.20929038664262534,ebm
ASY,4,first,2026-03,176,0.08522727272727272,0.08741771677299953,0.08619685067208496,0.08418653382097328,0.08043734336634369,ebm
ASY,4,first,2026-04,198,0.1111111111111111,0.09854499809794079,0.09579851942632431,0.09692548922325606,0.0936779905403367,ebm
ASY,4,first,2026-05,189,0.10052910052910052,0.10043328209144206,0.0978687431464838,0.09352157348687845,0.09447966057403064,flaml
ASY,4,first,2026-06,179,0.0670391061452514,0.06901569939905326,0.0656322991431849,0.06543986980841375,0.06625062826765123,flaml
ASY,4,first,2026-07,166,0.13253012048192772,0.11389002523435461,0.11188112768178705,0.11263176425631838,0.11332487607511758,catboost
ASY,4,first,2026-08,216,0.13425925925925927,0.11827895477640406,0.11274071595241947,0.11250054243366554,0.11343777255563567,flaml
ASY,4,first,2026-09,144,0.10416666666666667,0.09050055705359382,0.08858253395098349,0.08729568190484621,0.09272467857772558,flaml
ASY,4,top2,2026-03,176,0.23863636363636365,0.17951700397639608,0.1859730799811521,0.17668050403133526,0.1810237424815709,flaml
ASY,4,top2,2026-04,198,0.2777777777777778,0.18843263386016015,0.1855792819371876,0.18440095894807146,0.19036172319277211,flaml
ASY,4,top2,2026-05,189,0.291005291005291,0.1992506901335929,0.20412719810134278,0.2013579576252307,0.20945254279074435,hgb
ASY,4,top2,2026-06,179,0.24581005586592178,0.193989070278287,0.1820959914029669,0.18433696543319297,0.1842003596344772,catboost
ASY,4,top2,2026-07,166,0.3253012048192771,0.19930526360959344,0.20360849958728044,0.21417087161118392,0.20250138970273068,hgb
ASY,4,top2,2026-08,216,0.2824074074074074,0.19651007818069283,0.19430378149904312,0.19154793386884836,0.19238353909741282,flaml
ASY,4,top2,2026-09,144,0.3263888888888889,0.21185871643250148,0.19766778881323266,0.19171664392837448,0.1983027286996205,flaml
ASY,4,top3,2026-03,176,0.4431818181818182,0.2545980630564657,0.24589707716316597,0.24716541283931306,0.2576347852282016,catboost
ASY,4,top3,2026-04,198,0.42424242424242425,0.22540809599622086,0.21593969188347106,0.22574956213683975,0.22462938072405814,catboost
ASY,4,top3,2026-05,189,0.4973544973544973,0.24669294678833417,0.24182041908370847,0.24227433855735944,0.23950759854801573,ebm
ASY,4,top3,2026-06,179,0.44692737430167595,0.24535062859590426,0.22624084685227516,0.23187841376864238,0.23479781774762012,catboost
ASY,4,top3,2026-07,166,0.5060240963855421,0.21681236572174464,0.211910809827064,0.21406631756916392,0.21728788914276959,catboost
ASY,4,top3,2026-08,216,0.4722222222222222,0.23183714381848622,0.23380088142069397,0.23106139388451186,0.23529767256337367,flaml
ASY,4,top3,2026-09,144,0.5347222222222222,0.23070472942117595,0.22053264694436167,0.21782535831922878,0.2192802480916886,flaml
ASY,5,first,2026-03,176,0.0625,0.060698379284693876,0.06009464421432147,0.060224947729946236,0.061882261197647885,catboost
ASY,5,first,2026-04,198,0.0707070707070707,0.0700784197630987,0.06457961353820538,0.06342464687043958,0.06404435292594164,flaml
ASY,5,first,2026-05,189,0.07407407407407407,0.06724876449235546,0.06710787807198176,0.06949680580226156,0.0649824925713426,ebm
ASY,5,first,2026-06,179,0.0670391061452514,0.06253999785380995,0.05986109435232342,0.06191173789823398,0.05783759613374099,ebm
ASY,5,first,2026-07,166,0.05421686746987952,0.05379304962886096,0.053350748314388144,0.052998976197261294,0.05341942754768265,flaml
ASY,5,first,2026-08,216,0.07407407407407407,0.07244372823903558,0.07088115427126793,0.07129515196187075,0.07115791852044993,catboost
ASY,5,first,2026-09,144,0.05555555555555555,0.04885188216653881,0.04745773405935229,0.051690983508744424,0.044520090973466306,ebm
ASY,5,top2,2026-03,176,0.19318181818181818,0.1622755149844046,0.15885826799873443,0.15939292227065205,0.16506019639739247,catboost
ASY,5,top2,2026-04,198,0.17676767676767677,0.1400993135892625,0.13479122999072604,0.13229512063841253,0.13732348798973235,flaml
ASY,5,top2,2026-05,189,0.24867724867724866,0.1924396573221076,0.18694815180641783,0.18027357156461027,0.18486473769563475,flaml
ASY,5,top2,2026-06,179,0.19553072625698323,0.14788618121452146,0.14446213690891255,0.14523380000308134,0.14227945879183543,ebm
ASY,5,top2,2026-07,166,0.23493975903614459,0.20152372259931833,0.19022301672612996,0.1880618983525123,0.19193087418926533,flaml
ASY,5,top2,2026-08,216,0.18981481481481483,0.1630592851680772,0.1606418212284709,0.15735088431241712,0.1578713846001982,flaml
ASY,5,top2,2026-09,144,0.2013888888888889,0.13757084832805896,0.13549992947023687,0.13678589185539572,0.13564307242398468,catboost
ASY,5,top3,2026-03,176,0.4090909090909091,0.2287647039166873,0.2356659201530111,0.22864004391266776,0.23142771608877988,flaml
ASY,5,top3,2026-04,198,0.398989898989899,0.21835773180376214,0.2167840303035753,0.21942944022743524,0.21494309678105192,ebm
ASY,5,top3,2026-05,189,0.4074074074074074,0.24819402414510217,0.23704808333350844,0.23415220362890032,0.23837186631976,flaml
ASY,5,top3,2026-06,179,0.41899441340782123,0.21804485656888262,0.21889463242328794,0.22242687892669585,0.2147656750291826,ebm
ASY,5,top3,2026-07,166,0.4879518072289157,0.2517924608175076,0.25896393461890477,0.24989902678822218,0.24537608268982428,ebm
ASY,5,top3,2026-08,216,0.4027777777777778,0.2444617213043681,0.2380860149112293,0.2335349909578057,0.2373105002370758,flaml
ASY,5,top3,2026-09,144,0.3472222222222222,0.21486266622911238,0.21255171084993174,0.21181528570409272,0.20689963401515576,ebm
ASY,6,first,2026-03,176,0.005681818181818182,0.005733388787765866,0.006728821300199959,0.006609276347213081,0.006122633615075285,hgb
ASY,6,first,2026-04,198,0.030303030303030304,0.03013636218839374,0.030213058332076295,0.030857367790876642,0.02882881242042649,ebm
ASY,6,first,2026-05,189,0.026455026455026454,0.025016170066820654,0.024395808343312144,0.02319654405163698,0.024816742094658343,flaml
ASY,6,first,2026-06,179,0.0111731843575419,0.011205149616626,0.011065361399692046,0.009775433643089696,0.011287496393720101,flaml
ASY,6,first,2026-07,166,0.024096385542168676,0.024092022945675425,0.023459204771234816,0.023041574080568693,0.023172455535144625,flaml
ASY,6,first,2026-08,216,0.018518518518518517,0.01840567284954178,0.01816571951796159,0.01753998022375278,0.018115802768734913,flaml
ASY,6,first,2026-09,144,0.020833333333333332,0.020832504385012694,0.020945288733684654,0.021362463985192103,0.020859039638727813,hgb
ASY,6,top2,2026-03,176,0.045454545454545456,0.04647977968464898,0.04564515017393611,0.045878501980253755,0.046571726853515634,catboost
ASY,6,top2,2026-04,198,0.09090909090909091,0.08289283346775259,0.08189775108016563,0.08109870474495794,0.08014921098717837,ebm
ASY,6,top2,2026-05,189,0.08994708994708994,0.08513299241369002,0.08413230767239867,0.08211501580702998,0.08367141416229545,flaml
ASY,6,top2,2026-06,179,0.07262569832402235,0.0712733783194661,0.06755978572655184,0.07072954408099384,0.07073125501556038,catboost
ASY,6,top2,2026-07,166,0.060240963855421686,0.059101482311037304,0.05428389799066347,0.056375601563171805,0.05662806016194808,catboost
ASY,6,top2,2026-08,216,0.12962962962962962,0.11669822146338615,0.11696307833007442,0.11076995238482372,0.10974152082110472,ebm
ASY,6,top2,2026-09,144,0.06944444444444445,0.06001227691812974,0.060828442028924984,0.0594662307364949,0.05677734398514302,ebm
ASY,6,top3,2026-03,176,0.19318181818181818,0.16366360240579236,0.1624171996663149,0.15788108219764424,0.16764442703763047,flaml
ASY,6,top3,2026-04,198,0.23232323232323232,0.1485096764081759,0.15132500313212588,0.15226548841302348,0.14939861611327593,hgb
ASY,6,top3,2026-05,189,0.2275132275132275,0.1807609155082515,0.18508138370673735,0.17618722837990652,0.18663192344017382,flaml
ASY,6,top3,2026-06,179,0.18435754189944134,0.14587475715416212,0.1500753397522196,0.14021006524991472,0.1556900507793398,flaml
ASY,6,top3,2026-07,166,0.2289156626506024,0.172286044380772,0.1724518882195931,0.1701209728306407,0.16818280993197354,ebm
ASY,6,top3,2026-08,216,0.30092592592592593,0.19578479956109693,0.19126139877665307,0.19309108382148868,0.19121843671674799,ebm
ASY,6,top3,2026-09,144,0.1736111111111111,0.13011818025659866,0.12248754838234494,0.12292356468768409,0.12186968652569893,ebm
AMG,1,first,2026-03,246,0.6097560975609756,0.20679288547579294,0.20379435359259387,0.19947132765534084,0.2004520819718605,flaml
AMG,1,first,2026-04,138,0.6304347826086957,0.20924446611558456,0.2101352576952448,0.20672516685556502,0.20467643455560142,ebm
AMG,1,first,2026-05,159,0.6226415094339622,0.21558563784335025,0.21414567274136811,0.2042314245528426,0.21670157558023115,flaml
AMG,1,first,2026-06,254,0.6259842519685039,0.21807881981660152,0.21901661297327266,0.21583504286339836,0.21514142263409752,ebm
AMG,1,first,2026-07,159,0.5974842767295597,0.20187519814029162,0.20886010303564564,0.2019302569761799,0.20496243701295383,hgb
AMG,1,first,2026-08,252,0.5714285714285714,0.20103441735967148,0.2035574492343707,0.2053505996340687,0.2036719431627101,hgb
AMG,1,first,2026-09,188,0.5425531914893617,0.2313338933233255,0.22687160202443957,0.22642888819554835,0.2322892752219621,flaml
AMG,1,top2,2026-03,246,0.7520325203252033,0.16837635688716285,0.16808048547876941,0.16372902161878164,0.16784851107993715,flaml
AMG,1,top2,2026-04,138,0.8260869565217391,0.13920754489510692,0.14899836852783158,0.14340681720158485,0.14813725527504576,hgb
AMG,1,top2,2026-05,159,0.779874213836478,0.18323425873440835,0.17340412792638404,0.17335705206497212,0.1793117109662447,flaml
AMG,1,top2,2026-06,254,0.7795275590551181,0.15536673052091468,0.15469007300687965,0.15119247412125722,0.15307328857219463,flaml
AMG,1,top2,2026-07,159,0.7610062893081762,0.1481416650847587,0.14383510199414495,0.15072195929823287,0.1499040917010543,catboost
AMG,1,top2,2026-08,252,0.7619047619047619,0.15320440821958872,0.15349234127563427,0.16138484019748528,0.1534879625185495,hgb
AMG,1,top2,2026-09,188,0.7340425531914894,0.19213121378294534,0.19185992991561365,0.19119091014312012,0.1871155828588408,ebm
AMG,1,top3,2026-03,246,0.8455284552845529,0.12271174585919825,0.11817908010984314,0.11981867582404256,0.11726336462052664,ebm
AMG,1,top3,2026-04,138,0.8985507246376812,0.0902252098831749,0.08936710567004129,0.09408108310652807,0.09210498597479157,catboost
AMG,1,top3,2026-05,159,0.8930817610062893,0.0918208923844358,0.09456042821091186,0.09754380686900467,0.09729372871935,hgb
AMG,1,top3,2026-06,254,0.8503937007874016,0.12141339756174538,0.11997771566323,0.119982073873269,0.1210694754249348,catboost
AMG,1,top3,2026-07,159,0.8364779874213837,0.11839667197051576,0.12103164507751538,0.12084852868653612,0.11921269203906729,hgb
AMG,1,top3,2026-08,252,0.8253968253968254,0.12698752319949602,0.12932878727697775,0.13230940757478946,0.12991526922152605,hgb
AMG,1,top3,2026-09,188,0.8138297872340425,0.14739343907225375,0.14878497389824127,0.14653945498519402,0.14745709693957762,flaml
AMG,2,first,2026-03,246,0.13821138211382114,0.1010693549972422,0.09966565860405407,0.09766673263347975,0.0998791174352826,flaml
AMG,2,first,2026-04,138,0.14492753623188406,0.11135758242268098,0.11495576708518299,0.11598215064393198,0.10731182519682016,ebm
AMG,2,first,2026-05,159,0.1069182389937107,0.07269739984224877,0.07271855149903661,0.0724273220222483,0.07093590031364715,ebm
AMG,2,first,2026-06,254,0.11811023622047244,0.09593160470967382,0.09392235532756268,0.09514366673643024,0.09569246044155998,catboost
AMG,2,first,2026-07,159,0.13836477987421383,0.11897759440225536,0.1132970112531992,0.11228991665695594,0.11548976530172465,flaml
AMG,2,first,2026-08,252,0.13095238095238096,0.1056936163058407,0.10239290111683078,0.10478712179962553,0.10237477470150927,ebm
AMG,2,first,2026-09,188,0.17553191489361702,0.13232309723440933,0.13386536377673708,0.13134909309296536,0.13200232342610077,flaml
AMG,2,top2,2026-03,246,0.3861788617886179,0.2135967821268735,0.2085515787264294,0.2192990051075503,0.20856462038923945,catboost
AMG,2,top2,2026-04,138,0.391304347826087,0.2086159147785756,0.2167874734369864,0.21797939587294765,0.20135570843014244,ebm
AMG,2,top2,2026-05,159,0.389937106918239,0.22002021268667726,0.2125298900365488,0.2142843257461154,0.22578589327136975,catboost
AMG,2,top2,2026-06,254,0.35826771653543305,0.2053254787670253,0.19990517279878195,0.20192740731013417,0.1997791612937321,ebm
AMG,2,top2,2026-07,159,0.389937106918239,0.21029308796841678,0.20833348711456282,0.21225353389992577,0.20960306775617213,catboost
AMG,2,top2,2026-08,252,0.32936507936507936,0.20959019006805274,0.2047015309352042,0.20539702914452876,0.19884501807122829,ebm
AMG,2,top2,2026-09,188,0.39361702127659576,0.20984675657655022,0.20632844488222338,0.2166256002135997,0.20903036420450755,catboost
AMG,2,top3,2026-03,246,0.5447154471544715,0.22514477298462393,0.22379964679493425,0.22615229298037107,0.21571650188255365,ebm
AMG,2,top3,2026-04,138,0.644927536231884,0.20203886127847234,0.19952929356622898,0.21104977056430016,0.19412465277304033,ebm
AMG,2,top3,2026-05,159,0.559748427672956,0.21561540800344975,0.22061473970482368,0.20916861594269404,0.21626186187278879,flaml
AMG,2,top3,2026-06,254,0.5433070866141733,0.22399227784586304,0.22442232400653508,0.2335659393044998,0.22751774268274924,hgb
AMG,2,top3,2026-07,159,0.5911949685534591,0.19937065181759211,0.19451359877643362,0.18584429263265032,0.19456971462811667,flaml
AMG,2,top3,2026-08,252,0.5,0.21955101894564152,0.22225945510845635,0.2250694877791202,0.2170865683401559,ebm
AMG,2,top3,2026-09,188,0.5691489361702128,0.21417823949844295,0.20797713427545186,0.21500603429218515,0.20858204165616956,catboost
AMG,3,first,2026-03,246,0.10569105691056911,0.08401089721450544,0.0868174816836716,0.08741865989401038,0.0865442252059639,hgb
AMG,3,first,2026-04,138,0.09420289855072464,0.07377543056719818,0.0750183430663651,0.08347732107237893,0.07749364956530949,hgb
AMG,3,first,2026-05,159,0.11949685534591195,0.09886650999752426,0.0975735764912186,0.09792715204659107,0.09856544685323444,catboost
AMG,3,first,2026-06,254,0.1062992125984252,0.08645137154946544,0.07985277397610663,0.08485183039453723,0.08330165435314814,catboost
AMG,3,first,2026-07,159,0.1320754716981132,0.10039207669099862,0.10161861066229196,0.10518077550066056,0.1007932597026136,hgb
AMG,3,first,2026-08,252,0.12698412698412698,0.09942848427297203,0.0935414773119957,0.10391270730384491,0.09600510027357763,catboost
AMG,3,first,2026-09,188,0.11702127659574468,0.08966019396437272,0.09065063122283228,0.09298696420548822,0.08869300903063054,ebm
AMG,3,top2,2026-03,246,0.2967479674796748,0.1992655433850806,0.19315106610465785,0.19441818763127075,0.19215672676381657,ebm
AMG,3,top2,2026-04,138,0.35507246376811596,0.21301526207141355,0.20365737503204526,0.2057918247819138,0.20136994231808825,ebm
AMG,3,top2,2026-05,159,0.3081761006289308,0.18873110942894802,0.19161296873470507,0.19262982930684,0.18869070616559652,ebm
AMG,3,top2,2026-06,254,0.3464566929133858,0.19574588328316414,0.19462953657983828,0.19039531641414614,0.19234383403219021,flaml
AMG,3,top2,2026-07,159,0.29559748427672955,0.17130816334542875,0.16567495768133353,0.17396003092799148,0.16840248566641652,catboost
AMG,3,top2,2026-08,252,0.3253968253968254,0.2060605683107149,0.2048338149470641,0.20183002982614973,0.19769672047399933,ebm
AMG,3,top2,2026-09,188,0.2872340425531915,0.18904491465237713,0.1921041613351803,0.19185775001416985,0.18525061618688296,ebm
AMG,3,top3,2026-03,246,0.5284552845528455,0.23026516028459024,0.22489369510235518,0.22452243477554953,0.2235956267264566,ebm
AMG,3,top3,2026-04,138,0.5579710144927537,0.21961240138511726,0.22310683546295734,0.2218884200270826,0.21647539125893211,ebm
AMG,3,top3,2026-05,159,0.5471698113207547,0.22139571073311612,0.21882865090164252,0.22451444009212385,0.21492754445867512,ebm
AMG,3,top3,2026-06,254,0.5118110236220472,0.21478585267148756,0.2208446834440486,0.21740559968036693,0.212325562948252,ebm
AMG,3,top3,2026-07,159,0.5157232704402516,0.20004532990393173,0.21402742648425757,0.20088322598022623,0.19932593551316857,ebm
AMG,3,top3,2026-08,252,0.5158730158730159,0.23326557988042435,0.227231309294115,0.2262073455908215,0.23012602047614975,flaml
AMG,3,top3,2026-09,188,0.526595744680851,0.21473541435780186,0.2123484944990376,0.22094770686620002,0.20561881380647395,ebm
AMG,4,first,2026-03,246,0.08943089430894309,0.08028274807254714,0.078418221086786,0.0799294902950565,0.07756850206384484,ebm
AMG,4,first,2026-04,138,0.057971014492753624,0.05508285408601079,0.05399041353084446,0.05547330361316739,0.05291602684666312,ebm
AMG,4,first,2026-05,159,0.09433962264150944,0.08500663861772394,0.08196926061086553,0.09029687315388343,0.08768249623458735,catboost
AMG,4,first,2026-06,254,0.08661417322834646,0.0718645670970337,0.07120834255259913,0.0726885406305063,0.07010713480027896,ebm
AMG,4,first,2026-07,159,0.10062893081761007,0.08546945941155507,0.08274696323816712,0.08274969257244602,0.08087585160892725,ebm
AMG,4,first,2026-08,252,0.0992063492063492,0.07820857523219404,0.07580446911811824,0.07834769532490178,0.07536980365713443,ebm
AMG,4,first,2026-09,188,0.10638297872340426,0.09104650714793279,0.08529185850373978,0.08532088059674596,0.08943677054975528,catboost
AMG,4,top2,2026-03,246,0.3048780487804878,0.21167246443861293,0.20597205944125593,0.20707128757676574,0.21146603023550722,catboost
AMG,4,top2,2026-04,138,0.21739130434782608,0.15810104129132535,0.16245983386107388,0.16347333139884784,0.16150284637751713,hgb
AMG,4,top2,2026-05,159,0.2830188679245283,0.20165073340945605,0.19494666114069215,0.1890187246332397,0.19140776520416608,flaml
AMG,4,top2,2026-06,254,0.2559055118110236,0.16895017010527116,0.1705607680543906,0.1784615908209611,0.1649309987081127,ebm
AMG,4,top2,2026-07,159,0.33962264150943394,0.20021209797194153,0.20246630420363934,0.205219040424413,0.19826344823083575,ebm
AMG,4,top2,2026-08,252,0.2698412698412698,0.18859525875209202,0.18444898111472302,0.18420237125820207,0.18450132134658923,flaml
AMG,4,top2,2026-09,188,0.30319148936170215,0.17032561043041622,0.17370275650161954,0.18608738510765194,0.1705322500123979,hgb
AMG,4,top3,2026-03,246,0.5203252032520326,0.2341943036467478,0.2324883616328603,0.23848373650750598,0.23535621296404938,catboost
AMG,4,top3,2026-04,138,0.41304347826086957,0.20947581387534736,0.20751094990147548,0.21755322811386515,0.2101483745719285,catboost
AMG,4,top3,2026-05,159,0.5471698113207547,0.2184120121493033,0.20839928560989218,0.2150723030962889,0.19913013489271772,ebm
AMG,4,top3,2026-06,254,0.49606299212598426,0.21982236879440029,0.22633311014203536,0.2214571986135663,0.21646305016355935,ebm
AMG,4,top3,2026-07,159,0.4968553459119497,0.19902243102228873,0.20749484600377724,0.21038895630198384,0.19687948562015012,ebm
AMG,4,top3,2026-08,252,0.5158730158730159,0.22696868777324697,0.2159264723567499,0.21869035226313963,0.2118402485547067,ebm
AMG,4,top3,2026-09,188,0.5106382978723404,0.20849320888094533,0.20694379043474942,0.21619796842567182,0.196045312184213,ebm
AMG,5,first,2026-03,246,0.04065040650406504,0.03994699002598207,0.04067085582468887,0.04027139531308835,0.03845952093776295,ebm
AMG,5,first,2026-04,138,0.06521739130434782,0.05926307802480466,0.060119045935043205,0.057821583591295106,0.05731827793046795,ebm
AMG,5,first,2026-05,159,0.0440251572327044,0.03827610770871321,0.036443147695628314,0.035579845494177094,0.035905379536598614,flaml
AMG,5,first,2026-06,254,0.051181102362204724,0.04710806220885189,0.048146749150577504,0.04621112888134176,0.04650869197534943,flaml
AMG,5,first,2026-07,159,0.031446540880503145,0.0318600832330443,0.032812079915816354,0.03202911079792355,0.0313936527340707,ebm
AMG,5,first,2026-08,252,0.051587301587301584,0.04825187023381674,0.04537525328726524,0.047402494117337594,0.04590835665304987,catboost
AMG,5,first,2026-09,188,0.05319148936170213,0.04976254089716298,0.049325383911787736,0.05086020767022303,0.04973652502952197,catboost
AMG,5,top2,2026-03,246,0.18292682926829268,0.14217383262067143,0.14013607180803614,0.14321526281093308,0.14010635807286587,ebm
AMG,5,top2,2026-04,138,0.15217391304347827,0.12974457626504524,0.13094155638817961,0.12887080260672215,0.12745560651426732,ebm
AMG,5,top2,2026-05,159,0.1509433962264151,0.12760433453102338,0.12472559040125292,0.12623425708489883,0.12414326157706393,ebm
AMG,5,top2,2026-06,254,0.18503937007874016,0.1448855532876287,0.1442608487953194,0.1455247170759092,0.1443626372388775,catboost
AMG,5,top2,2026-07,159,0.14465408805031446,0.13148327748553618,0.13522079336126822,0.12669247439402637,0.1295668691387804,flaml
AMG,5,top2,2026-08,252,0.2222222222222222,0.1572556863431512,0.1603135678466618,0.16054937283344464,0.15787640342701414,hgb
AMG,5,top2,2026-09,188,0.2074468085106383,0.15506105308302368,0.15402253822712006,0.15321586097136405,0.1526453825430571,ebm
AMG,5,top3,2026-03,246,0.35772357723577236,0.22126240869684652,0.21503112627393547,0.21710302694448372,0.21269538059830734,ebm
AMG,5,top3,2026-04,138,0.36231884057971014,0.21597262950836613,0.222085386041217,0.21777543238086788,0.22158442986061772,hgb
AMG,5,top3,2026-05,159,0.2641509433962264,0.18446263717548114,0.18533271677526758,0.18753174239492335,0.18995331786857045,hgb
AMG,5,top3,2026-06,254,0.3543307086614173,0.21608294940207234,0.21733793460635967,0.21897884102246168,0.2110697478372547,ebm
AMG,5,top3,2026-07,159,0.3584905660377358,0.2178048871810356,0.21034515712864116,0.22358033506484412,0.21708004750173343,catboost
AMG,5,top3,2026-08,252,0.4246031746031746,0.21731623288133706,0.2118292954803014,0.2185486424842563,0.21187004597339543,catboost
AMG,5,top3,2026-09,188,0.3617021276595745,0.21930595743072592,0.2119741006705676,0.22226729006492602,0.20561501128744394,ebm
AMG,6,first,2026-03,246,0.016260162601626018,0.01451212028904756,0.015080155613463512,0.015206926066880259,0.014992443236868543,hgb
AMG,6,first,2026-04,138,0.007246376811594203,0.007368514571110305,0.007175831410096014,0.007186367879319438,0.007399262057401263,catboost
AMG,6,first,2026-05,159,0.012578616352201259,0.012661919670619692,0.012210702055493884,0.012400274824999696,0.012010087976790755,ebm
AMG,6,first,2026-06,254,0.011811023622047244,0.011735661051322283,0.011619631215041417,0.011669888022177485,0.012013172356789417,catboost
AMG,6,first,2026-07,159,0.0,8.429523021631288e-05,0.00032665495205496943,0.0004957153546568473,0.0008527359573413494,hgb
AMG,6,first,2026-08,252,0.01984126984126984,0.017995000151146558,0.017842011668117882,0.01905449112958126,0.01661122857102682,ebm
AMG,6,first,2026-09,188,0.005319148936170213,0.0053769254739536535,0.005574867910273385,0.00560364742652178,0.006129577148823596,hgb
AMG,6,top2,2026-03,246,0.07723577235772358,0.06442865912627459,0.06634797794712449,0.06727224533922303,0.06666656064177284,hgb
AMG,6,top2,2026-04,138,0.057971014492753624,0.05376098869398738,0.0499442209307593,0.05314745954120773,0.0500720668348878,catboost
AMG,6,top2,2026-05,159,0.0880503144654088,0.07356001757186906,0.07057918926614506,0.0749265743403349,0.06818964541742147,ebm
AMG,6,top2,2026-06,254,0.07480314960629922,0.06765024329628068,0.06490950373380572,0.06658794055477532,0.0636663005319986,ebm
AMG,6,top2,2026-07,159,0.06918238993710692,0.06406352125527164,0.0633042337080834,0.061891165631799576,0.06104763560689713,ebm
AMG,6,top2,2026-08,252,0.09126984126984126,0.07623239120241568,0.07518946823288798,0.0795469212465399,0.07344901975714907,ebm
AMG,6,top2,2026-09,188,0.07446808510638298,0.07214837558460788,0.06858651234017643,0.06685017360455414,0.07099034155082555,flaml
AMG,6,top3,2026-03,246,0.2032520325203252,0.14408324677473894,0.1449367789034238,0.14988905067706318,0.14470509412496724,hgb
AMG,6,top3,2026-04,138,0.12318840579710146,0.08908163863023992,0.08727198929691538,0.09474475316683356,0.11152445422711234,catboost
AMG,6,top3,2026-05,159,0.18867924528301888,0.13127840629196866,0.12893489297251523,0.13537974593851076,0.12887943012156267,ebm
AMG,6,top3,2026-06,254,0.2440944881889764,0.17559459499911328,0.18119185174538996,0.17682197858203985,0.1762313621972965,hgb
AMG,6,top3,2026-07,159,0.18867924528301888,0.14289189134097072,0.1403948607612642,0.1395092714312873,0.1480034154569801,flaml
AMG,6,top3,2026-08,252,0.21825396825396826,0.16167696950795227,0.15786289053437091,0.15852798023403653,0.15433182910547835,ebm
AMG,6,top3,2026-09,188,0.21808510638297873,0.15718676255260283,0.14454277509624106,0.15010896277072,0.15194689357765875,catboost
