place,course,target,month,n,positive_rate,hgb_brier,catboost_brier,flaml_brier,ebm_brier,tabdpt_turbo_brier,autogluon_brier,ngboost_brier,winner
ASY,1,first,2026-03,176,0.6534090909090909,0.20148993511488691,0.20432110660465622,0.20933323126484307,0.20273081340572874,0.2078270919844229,0.20800107006763982,0.20413445726539717,hgb
ASY,1,first,2026-04,198,0.5707070707070707,0.23731225350420693,0.23912396309638326,0.23146120639362106,0.242186619686243,0.23402004621055994,0.23961692189663575,0.2344649239959013,flaml
ASY,1,first,2026-05,189,0.6031746031746031,0.23229999597608306,0.23310589375243085,0.22347375347647802,0.226595620115649,0.22843428541708857,0.22366362891592942,0.22661273663149395,flaml
ASY,1,first,2026-06,179,0.6312849162011173,0.21552178433742328,0.21600114375103793,0.21552401392883933,0.20575752099521977,0.2152437323112783,0.2101453723237078,0.21276828883481672,ebm
ASY,1,first,2026-07,166,0.5240963855421686,0.23873099731904088,0.24930916365053082,0.23312438522458737,0.2346047638853366,0.23792405888059004,0.23670279095924393,0.24257864091364825,flaml
ASY,1,first,2026-08,216,0.5879629629629629,0.23323555373838648,0.22621832592352759,0.22211208215570208,0.2287634872851464,0.22674255788929418,0.22466881248029905,0.22838163233430223,flaml
ASY,1,first,2026-09,144,0.6666666666666666,0.1957357235083954,0.19914930383994703,0.20367807183185593,0.19679540875844198,0.2014251790493925,0.20211116944002613,0.1957905884312511,hgb
ASY,1,top2,2026-03,176,0.8125,0.14554619113311698,0.15119638089168355,0.15051530835041424,0.16721289449114504,0.1524887813666112,0.1482912360184243,0.14542088945159595,ngboost
ASY,1,top2,2026-04,198,0.7878787878787878,0.16824821413490124,0.166899374139589,0.1630604898679987,0.16224337847699158,0.1656415669851024,0.1634879264421596,0.15935877327254974,ngboost
ASY,1,top2,2026-05,189,0.7407407407407407,0.1859512699806802,0.18639961899972743,0.18630672691471548,0.192425664544178,0.18083801210299946,0.186264238510638,0.1908281798686004,tabdpt_turbo
ASY,1,top2,2026-06,179,0.7877094972067039,0.14952942639569702,0.14951095027024397,0.15128222382829826,0.14539967277832722,0.1506561885542543,0.15186172136700052,0.1510082804800863,ebm
ASY,1,top2,2026-07,166,0.6927710843373494,0.20458565664437284,0.19877750795061938,0.20346919552699397,0.2067307467141951,0.20292458803085542,0.19736954306802318,0.20577795155163853,autogluon
ASY,1,top2,2026-08,216,0.6944444444444444,0.21149311234195206,0.20787570106088182,0.20746341739823204,0.21237864096319647,0.20716492842963946,0.2035644393564981,0.21063376343135193,autogluon
ASY,1,top2,2026-09,144,0.7916666666666666,0.13781945716415406,0.1355348045313118,0.1437033636297178,0.13807161855738118,0.14687970398732,0.13718375479150044,0.13902977929237975,catboost
ASY,1,top3,2026-03,176,0.8522727272727273,0.11680694802699064,0.12109489251299137,0.12077075080870911,0.1245594772972785,0.12223913256977977,0.1215345161522801,0.1211683328890958,hgb
ASY,1,top3,2026-04,198,0.8636363636363636,0.11297298879140734,0.11272461723914683,0.11207072671312561,0.11496673540983945,0.11712342311744167,0.11145005282836205,0.11410336692246767,autogluon
ASY,1,top3,2026-05,189,0.8624338624338624,0.11245543162737946,0.11422521325538523,0.1138322075556327,0.1191462551310489,0.11466905413342635,0.1155127243809281,0.11534577703362128,hgb
ASY,1,top3,2026-06,179,0.8435754189944135,0.12105850609932334,0.11998747320586597,0.12059212873776731,0.11613739760678271,0.11893652073476586,0.11880565686206665,0.12152760220950529,ebm
ASY,1,top3,2026-07,166,0.7771084337349398,0.1842609499912795,0.1766875654063584,0.17463335054897675,0.17249700061381915,0.1716443094613246,0.17401422938697617,0.17771667281862905,tabdpt_turbo
ASY,1,top3,2026-08,216,0.7685185185185185,0.17879133569239572,0.17835332108215957,0.17029549756930581,0.1755822053560518,0.17796518462331015,0.176305276071186,0.1804072976742089,flaml
ASY,1,top3,2026-09,144,0.8888888888888888,0.08568492016853525,0.09301704776615057,0.09338387849445182,0.09588214121095187,0.09588995913708348,0.08941334790062513,0.09029968455206998,hgb
ASY,2,first,2026-03,176,0.10227272727272728,0.08732781568219576,0.08833346276003809,0.08705146660338178,0.09033734341595208,0.08752778303192246,0.08795095021415818,0.08907822490669118,flaml
ASY,2,first,2026-04,198,0.13131313131313133,0.1069826945520328,0.10359305984418539,0.10582876523473611,0.103742374120511,0.11056563873420212,0.10351024938447399,0.10792963066229964,autogluon
ASY,2,first,2026-05,189,0.0582010582010582,0.0532775460559432,0.056559150716194065,0.055823601117592055,0.05629930811573344,0.054592816459936716,0.055324143207917384,0.055272007677369867,hgb
ASY,2,first,2026-06,179,0.10614525139664804,0.08045665372081759,0.07784786781508093,0.07843176192273382,0.07868495327070066,0.08217965270223862,0.07889227939333927,0.08093644012339099,catboost
ASY,2,first,2026-07,166,0.1144578313253012,0.1020861384626179,0.09285909738905257,0.09133092980910583,0.09257850353101184,0.09405173142692017,0.0923480310401792,0.09565105145983409,flaml
ASY,2,first,2026-08,216,0.07407407407407407,0.06859036077300544,0.06795787010240477,0.06441347280166115,0.06801370776985637,0.06852136425538699,0.0656223766322925,0.06415979376456868,ngboost
ASY,2,first,2026-09,144,0.10416666666666667,0.08414603138442109,0.08206500186197112,0.08502011095169149,0.07741468900853352,0.07723508234975753,0.0816655424304465,0.0850402410627212,tabdpt_turbo
ASY,2,top2,2026-03,176,0.3522727272727273,0.20890580194151173,0.21050276871722245,0.20494897505142076,0.2096613733882059,0.20773831445576896,0.20602754824738032,0.2069120906395735,flaml
ASY,2,top2,2026-04,198,0.3838383838383838,0.2348896946436234,0.23758615277848666,0.23018706073989254,0.23603963607328923,0.2400917866269355,0.2352667423480841,0.2399750819329401,flaml
ASY,2,top2,2026-05,189,0.30158730158730157,0.20987317560728178,0.19733105471087678,0.20407873416515823,0.19720103692015994,0.2001501757034049,0.1995775928914417,0.1986625352438895,ebm
ASY,2,top2,2026-06,179,0.35195530726256985,0.2031905553217269,0.20852199664359441,0.211339495870069,0.210151403972601,0.20699687377571394,0.20925332082264103,0.209410435718266,hgb
ASY,2,top2,2026-07,166,0.3795180722891566,0.21716545695354114,0.20423254523006526,0.2126503475622287,0.20946705007104963,0.22167553799425743,0.21579208237585187,0.21050291452485184,catboost
ASY,2,top2,2026-08,216,0.3472222222222222,0.2178329326561668,0.2176940820644214,0.2062032756922013,0.21561326046740334,0.21261153587205703,0.20822520039923648,0.21100608584029426,flaml
ASY,2,top2,2026-09,144,0.3263888888888889,0.21879871182758037,0.21948762824373902,0.2137795859781935,0.2146239465342415,0.20620476688504322,0.20641118619205615,0.21740754533343126,tabdpt_turbo
ASY,2,top3,2026-03,176,0.5284090909090909,0.23686583191149427,0.23521020683229332,0.22842565063221307,0.22992073954649533,0.24882595141901878,0.2289871011696725,0.2296597562066509,flaml
ASY,2,top3,2026-04,198,0.5808080808080808,0.25025721183750294,0.2487947450433618,0.25344287254482933,0.24180178854033263,0.25075811824355604,0.2437563615664853,0.240297971817765,ngboost
ASY,2,top3,2026-05,189,0.5026455026455027,0.24246399754453668,0.24221428427796565,0.23789496153445122,0.2402575309379486,0.2435787189483746,0.2390969515515861,0.2448413699569972,flaml
ASY,2,top3,2026-06,179,0.5810055865921788,0.23821727181396835,0.24038598701349212,0.23315308066670953,0.2398360503177778,0.23104935206352759,0.23256060528946512,0.2332840857216161,tabdpt_turbo
ASY,2,top3,2026-07,166,0.5481927710843374,0.2109958511327836,0.20101625558550915,0.21249979438799504,0.19704235392878985,0.20609153041369788,0.2059617330786219,0.20848048858791138,ebm
ASY,2,top3,2026-08,216,0.5416666666666666,0.248903039460033,0.24173557303172402,0.2382647332136117,0.2458011627549361,0.249531991685671,0.23432164175000067,0.2402459942723541,autogluon
ASY,2,top3,2026-09,144,0.5625,0.2680867739509234,0.24749155752897037,0.24605856666110584,0.24763046391588497,0.2415043506526161,0.24553011577125977,0.2591645049284831,tabdpt_turbo
ASY,3,first,2026-03,176,0.09090909090909091,0.07917312618611003,0.07629744699427804,0.07788830374012393,0.08198957714102041,0.07777925165320242,0.0765679040558476,0.07706410654139147,catboost
ASY,3,first,2026-04,198,0.08585858585858586,0.07170371550107299,0.0721882202222526,0.07473443876278503,0.07427213392996904,0.07588838499104612,0.07255519769393942,0.07113760530507159,ngboost
ASY,3,first,2026-05,189,0.13756613756613756,0.11663678184264502,0.11492467145011748,0.1129978450129243,0.11504875072698968,0.11111223090069715,0.1118410378337727,0.11215476265621724,tabdpt_turbo
ASY,3,first,2026-06,179,0.11731843575418995,0.1059546487492286,0.0994512267008582,0.10373715061789276,0.10302032439543314,0.10048912874824481,0.10454582535603492,0.1032910378252724,catboost
ASY,3,first,2026-07,166,0.15060240963855423,0.13649557427264897,0.12597135208878926,0.12558682538599997,0.12979070987537064,0.12228350746095833,0.1290121886532675,0.1279264621605394,tabdpt_turbo
ASY,3,first,2026-08,216,0.1111111111111111,0.10062393607554147,0.09451616768836012,0.09442627485302844,0.10071356403793404,0.09624531833956651,0.09587382954509624,0.09357049546285943,ngboost
ASY,3,first,2026-09,144,0.04861111111111111,0.04170432495495433,0.04077438790019835,0.04505871117191714,0.0438320683171607,0.04869154313956034,0.04411537474927686,0.043261852094959,catboost
ASY,3,top2,2026-03,176,0.35795454545454547,0.221826262471099,0.21998683510726688,0.2187798595742037,0.2194690138981203,0.2213272494147441,0.21439869825675853,0.22148306728052586,autogluon
ASY,3,top2,2026-04,198,0.2828282828282828,0.168784889743092,0.17832380501855935,0.18130737608432296,0.1826511511359915,0.19018368039960387,0.18012938394689193,0.17327616171144186,hgb
ASY,3,top2,2026-05,189,0.328042328042328,0.21265571003917014,0.21897262110159219,0.20821978933809493,0.21131240965839718,0.21090987832311944,0.20948487689047074,0.20875447293281682,flaml
ASY,3,top2,2026-06,179,0.3463687150837989,0.2405433457721329,0.22532369606280472,0.21824199376564213,0.22294984293765346,0.22495285600638465,0.21625186922165562,0.2248889314528696,autogluon
ASY,3,top2,2026-07,166,0.3072289156626506,0.20086313642732792,0.1984929754000891,0.1977095511297345,0.2014607043770542,0.20299457666895457,0.19981993011289845,0.2016536235458285,flaml
ASY,3,top2,2026-08,216,0.35648148148148145,0.2203594474266604,0.21908757731129858,0.20886346381985074,0.21178411314099374,0.2244003770451002,0.20906680529917862,0.21087792677666672,flaml
ASY,3,top2,2026-09,144,0.2847222222222222,0.17707227226318725,0.17908416229560378,0.1761737904703395,0.18314525003690468,0.19024995752384166,0.17873061704840065,0.18545643608807078,flaml
ASY,3,top3,2026-03,176,0.5738636363636364,0.22978769365150223,0.22974947846783822,0.23148966261046014,0.2229927072055518,0.22851485664030785,0.22595482569266123,0.22544689713994562,ebm
ASY,3,top3,2026-04,198,0.5,0.22392721451608805,0.23069942963553364,0.22967954690513978,0.23229756625404294,0.23807814915528783,0.23252701501325648,0.22813550637195762,hgb
ASY,3,top3,2026-05,189,0.5026455026455027,0.23502625440796393,0.23455120662749468,0.23689793062853912,0.2336236982516392,0.23495506006943895,0.23583409159368834,0.23593907329838726,ebm
ASY,3,top3,2026-06,179,0.5139664804469274,0.2257552349893947,0.22405213951813047,0.22381215083652536,0.22233251738384624,0.231954441804236,0.22649176074142188,0.22403613229885633,ebm
ASY,3,top3,2026-07,166,0.45180722891566266,0.241879889500943,0.24192662190823339,0.24094432361004683,0.2438113211816643,0.2478582228631321,0.2393190876798102,0.24007712716804153,autogluon
ASY,3,top3,2026-08,216,0.5138888888888888,0.2349241664203671,0.23268884821069044,0.22819824886383935,0.2264433656044792,0.24080892080434407,0.22100507610914402,0.228412413636309,autogluon
ASY,3,top3,2026-09,144,0.4930555555555556,0.2177123205154302,0.2208168037846875,0.22032348190394002,0.20929038664262534,0.21746369150791797,0.21297959139946862,0.21648998686536983,ebm
ASY,4,first,2026-03,176,0.08522727272727272,0.08741771677299953,0.08619685067208496,0.08418653382097328,0.08043734336634369,0.07897806507751756,0.08099507383828052,0.0797976622251221,tabdpt_turbo
ASY,4,first,2026-04,198,0.1111111111111111,0.09854499809794079,0.09579851942632431,0.09692548922325606,0.0936779905403367,0.09793257017959478,0.09395307025676378,0.09615507323483533,ebm
ASY,4,first,2026-05,189,0.10052910052910052,0.10043328209144206,0.0978687431464838,0.09352157348687845,0.09447966057403064,0.09007869318250736,0.09266953896037244,0.09211472198786325,tabdpt_turbo
ASY,4,first,2026-06,179,0.0670391061452514,0.06901569939905326,0.0656322991431849,0.06543986980841375,0.06625062826765123,0.0646676697496359,0.06458097414479404,0.060891004084730554,ngboost
ASY,4,first,2026-07,166,0.13253012048192772,0.11389002523435461,0.11188112768178705,0.11263176425631838,0.11332487607511758,0.11497038421599863,0.1122823137658345,0.11483374832689763,catboost
ASY,4,first,2026-08,216,0.13425925925925927,0.11827895477640406,0.11274071595241947,0.11250054243366554,0.11343777255563567,0.1136629832098256,0.11275756642618867,0.11180906614215562,ngboost
ASY,4,first,2026-09,144,0.10416666666666667,0.09050055705359382,0.08858253395098349,0.08729568190484621,0.09272467857772558,0.0904883574255667,0.08901635322674342,0.08823425291675085,flaml
ASY,4,top2,2026-03,176,0.23863636363636365,0.17951700397639608,0.1859730799811521,0.17668050403133526,0.1810237424815709,0.18680637437087275,0.17358194940219643,0.17430381001843567,autogluon
ASY,4,top2,2026-04,198,0.2777777777777778,0.18843263386016015,0.1855792819371876,0.18440095894807146,0.19036172319277211,0.1903584083490067,0.18152917855888376,0.1812247121597641,ngboost
ASY,4,top2,2026-05,189,0.291005291005291,0.1992506901335929,0.20412719810134278,0.2013579576252307,0.20945254279074435,0.20349452808467702,0.19712851547492452,0.1986351186696342,autogluon
ASY,4,top2,2026-06,179,0.24581005586592178,0.193989070278287,0.1820959914029669,0.18433696543319297,0.1842003596344772,0.17270649431443835,0.1810146249390043,0.17908327714266434,tabdpt_turbo
ASY,4,top2,2026-07,166,0.3253012048192771,0.19930526360959344,0.20360849958728044,0.21417087161118392,0.20250138970273068,0.20414017254899353,0.21325489026659636,0.21289834992522746,hgb
ASY,4,top2,2026-08,216,0.2824074074074074,0.19651007818069283,0.19430378149904312,0.19154793386884836,0.19238353909741282,0.19038233850390718,0.188498511224329,0.18763218402645587,ngboost
ASY,4,top2,2026-09,144,0.3263888888888889,0.21185871643250148,0.19766778881323266,0.19171664392837448,0.1983027286996205,0.19378329953221007,0.1960954603958414,0.19358887718948814,flaml
ASY,4,top3,2026-03,176,0.4431818181818182,0.2545980630564657,0.24589707716316597,0.24716541283931306,0.2576347852282016,0.24515529665730104,0.24062350768317356,0.23909942917689067,ngboost
ASY,4,top3,2026-04,198,0.42424242424242425,0.22540809599622086,0.21593969188347106,0.22574956213683975,0.22462938072405814,0.2244345037048251,0.22208999400865995,0.22035257334276034,catboost
ASY,4,top3,2026-05,189,0.4973544973544973,0.24669294678833417,0.24182041908370847,0.24227433855735944,0.23950759854801573,0.24724337222943646,0.24194430746626622,0.247861157994354,ebm
ASY,4,top3,2026-06,179,0.44692737430167595,0.24535062859590426,0.22624084685227516,0.23187841376864238,0.23479781774762012,0.22873929258536652,0.22627091454428408,0.23694748076163352,catboost
ASY,4,top3,2026-07,166,0.5060240963855421,0.21681236572174464,0.211910809827064,0.21406631756916392,0.21728788914276959,0.23387508858150485,0.21534075012364062,0.2102180979023538,ngboost
ASY,4,top3,2026-08,216,0.4722222222222222,0.23183714381848622,0.23380088142069397,0.23106139388451186,0.23529767256337367,0.22873311696096635,0.2272276856617108,0.22862403556200658,autogluon
ASY,4,top3,2026-09,144,0.5347222222222222,0.23070472942117595,0.22053264694436167,0.21782535831922878,0.2192802480916886,0.2148526574204962,0.21522527517603052,0.2140743948167173,ngboost
ASY,5,first,2026-03,176,0.0625,0.060698379284693876,0.06009464421432147,0.060224947729946236,0.061882261197647885,0.058762875950843396,0.059646685664944306,0.0583770722181854,ngboost
ASY,5,first,2026-04,198,0.0707070707070707,0.0700784197630987,0.06457961353820538,0.06342464687043958,0.06404435292594164,0.0659512922802095,0.06418343460346142,0.06440142169041532,flaml
ASY,5,first,2026-05,189,0.07407407407407407,0.06724876449235546,0.06710787807198176,0.06949680580226156,0.0649824925713426,0.068759564093679,0.06716282345641761,0.06904531539347508,ebm
ASY,5,first,2026-06,179,0.0670391061452514,0.06253999785380995,0.05986109435232342,0.06191173789823398,0.05783759613374099,0.0625879978046457,0.059958908666976174,0.061880119189060084,ebm
ASY,5,first,2026-07,166,0.05421686746987952,0.05379304962886096,0.053350748314388144,0.052998976197261294,0.05341942754768265,0.051260891539686326,0.05272789207628254,0.0523116310871603,tabdpt_turbo
ASY,5,first,2026-08,216,0.07407407407407407,0.07244372823903558,0.07088115427126793,0.07129515196187075,0.07115791852044993,0.06846192832003016,0.06939516140723144,0.07060448622274598,tabdpt_turbo
ASY,5,first,2026-09,144,0.05555555555555555,0.04885188216653881,0.04745773405935229,0.051690983508744424,0.044520090973466306,0.05186335679872252,0.049316692389240795,0.04968503656017024,ebm
ASY,5,top2,2026-03,176,0.19318181818181818,0.1622755149844046,0.15885826799873443,0.15939292227065205,0.16506019639739247,0.16040941404685882,0.1578342588257702,0.15847921266142564,autogluon
ASY,5,top2,2026-04,198,0.17676767676767677,0.1400993135892625,0.13479122999072604,0.13229512063841253,0.13732348798973235,0.14228309273729045,0.13743519691592387,0.13499165442788985,flaml
ASY,5,top2,2026-05,189,0.24867724867724866,0.1924396573221076,0.18694815180641783,0.18027357156461027,0.18486473769563475,0.1851000971931275,0.18029352318816716,0.18504330146624298,flaml
ASY,5,top2,2026-06,179,0.19553072625698323,0.14788618121452146,0.14446213690891255,0.14523380000308134,0.14227945879183543,0.14951822024664316,0.1451529681099412,0.1457994999850971,ebm
ASY,5,top2,2026-07,166,0.23493975903614459,0.20152372259931833,0.19022301672612996,0.1880618983525123,0.19193087418926533,0.1814059968475538,0.18420537055340522,0.19211602648814569,tabdpt_turbo
ASY,5,top2,2026-08,216,0.18981481481481483,0.1630592851680772,0.1606418212284709,0.15735088431241712,0.1578713846001982,0.15353192041241037,0.15462605694698922,0.15576248292829378,tabdpt_turbo
ASY,5,top2,2026-09,144,0.2013888888888889,0.13757084832805896,0.13549992947023687,0.13678589185539572,0.13564307242398468,0.150454269446474,0.14312006854531514,0.14378855422974476,catboost
ASY,5,top3,2026-03,176,0.4090909090909091,0.2287647039166873,0.2356659201530111,0.22864004391266776,0.23142771608877988,0.2345043437405197,0.2276232513480649,0.22689653629288883,ngboost
ASY,5,top3,2026-04,198,0.398989898989899,0.21835773180376214,0.2167840303035753,0.21942944022743524,0.21494309678105192,0.23501662518657623,0.22103565420014312,0.2159514106270026,ebm
ASY,5,top3,2026-05,189,0.4074074074074074,0.24819402414510217,0.23704808333350844,0.23415220362890032,0.23837186631976,0.24411515224089358,0.23391571815085008,0.23962377883414024,autogluon
ASY,5,top3,2026-06,179,0.41899441340782123,0.21804485656888262,0.21889463242328794,0.22242687892669585,0.2147656750291826,0.22797418075756934,0.21632691050496278,0.21585620998525976,ebm
ASY,5,top3,2026-07,166,0.4879518072289157,0.2517924608175076,0.25896393461890477,0.24989902678822218,0.24537608268982428,0.24879665454682853,0.2473948192361873,0.2539049244149855,ebm
ASY,5,top3,2026-08,216,0.4027777777777778,0.2444617213043681,0.2380860149112293,0.2335349909578057,0.2373105002370758,0.23389931942062125,0.2341696057401802,0.2346806128280582,flaml
ASY,5,top3,2026-09,144,0.3472222222222222,0.21486266622911238,0.21255171084993174,0.21181528570409272,0.20689963401515576,0.21393589786428333,0.20438312065861158,0.20847449163252177,autogluon
ASY,6,first,2026-03,176,0.005681818181818182,0.005733388787765866,0.006728821300199959,0.006609276347213081,0.006122633615075285,0.006253121859495767,0.00598069550340958,0.005873868007760416,hgb
ASY,6,first,2026-04,198,0.030303030303030304,0.03013636218839374,0.030213058332076295,0.030857367790876642,0.02882881242042649,0.029572420331442608,0.02984445865609224,0.029616803367087986,ebm
ASY,6,first,2026-05,189,0.026455026455026454,0.025016170066820654,0.024395808343312144,0.02319654405163698,0.024816742094658343,0.02563125025124519,0.025600527805808057,0.02599470455026671,flaml
ASY,6,first,2026-06,179,0.0111731843575419,0.011205149616626,0.011065361399692046,0.009775433643089696,0.011287496393720101,0.011537065037715247,0.011433163283984523,0.010622772658010319,flaml
ASY,6,first,2026-07,166,0.024096385542168676,0.024092022945675425,0.023459204771234816,0.023041574080568693,0.023172455535144625,0.02391957214157998,0.023385074892637595,0.023649615610001316,flaml
ASY,6,first,2026-08,216,0.018518518518518517,0.01840567284954178,0.01816571951796159,0.01753998022375278,0.018115802768734913,0.018068766222928197,0.017969111943225893,0.018329847321352337,flaml
ASY,6,first,2026-09,144,0.020833333333333332,0.020832504385012694,0.020945288733684654,0.021362463985192103,0.020859039638727813,0.020563179454977508,0.02060351853477724,0.020699774975206475,tabdpt_turbo
ASY,6,top2,2026-03,176,0.045454545454545456,0.04647977968464898,0.04564515017393611,0.045878501980253755,0.046571726853515634,0.04507950867690968,0.04528306666891458,0.04406260682299646,ngboost
ASY,6,top2,2026-04,198,0.09090909090909091,0.08289283346775259,0.08189775108016563,0.08109870474495794,0.08014921098717837,0.0819917780235118,0.08186429578212293,0.08082781698338597,ebm
ASY,6,top2,2026-05,189,0.08994708994708994,0.08513299241369002,0.08413230767239867,0.08211501580702998,0.08367141416229545,0.08164372736267489,0.08316667461522982,0.0826512006093072,tabdpt_turbo
ASY,6,top2,2026-06,179,0.07262569832402235,0.0712733783194661,0.06755978572655184,0.07072954408099384,0.07073125501556038,0.066851786207914,0.06781961289224323,0.06700320280989942,tabdpt_turbo
ASY,6,top2,2026-07,166,0.060240963855421686,0.059101482311037304,0.05428389799066347,0.056375601563171805,0.05662806016194808,0.05654580511302005,0.055953180088380246,0.056756932098860194,catboost
ASY,6,top2,2026-08,216,0.12962962962962962,0.11669822146338615,0.11696307833007442,0.11076995238482372,0.10974152082110472,0.11321258325793783,0.11208928678087221,0.11347003296682032,ebm
ASY,6,top2,2026-09,144,0.06944444444444445,0.06001227691812974,0.060828442028924984,0.0594662307364949,0.05677734398514302,0.06383590666832692,0.06012877860023374,0.061433356404829054,ebm
ASY,6,top3,2026-03,176,0.19318181818181818,0.16366360240579236,0.1624171996663149,0.15788108219764424,0.16764442703763047,0.160103310776844,0.1543543053161972,0.1517522140136822,ngboost
ASY,6,top3,2026-04,198,0.23232323232323232,0.1485096764081759,0.15132500313212588,0.15226548841302348,0.14939861611327593,0.16042733252042854,0.15110509082897627,0.15313940382039878,hgb
ASY,6,top3,2026-05,189,0.2275132275132275,0.1807609155082515,0.18508138370673735,0.17618722837990652,0.18663192344017382,0.1814191348983667,0.18076117285109483,0.17641589882803457,flaml
ASY,6,top3,2026-06,179,0.18435754189944134,0.14587475715416212,0.1500753397522196,0.14021006524991472,0.1556900507793398,0.14809245963568363,0.14402354380870674,0.1437780266095638,flaml
ASY,6,top3,2026-07,166,0.2289156626506024,0.172286044380772,0.1724518882195931,0.1701209728306407,0.16818280993197354,0.180131832352345,0.16844993742623307,0.16587699622083635,ngboost
ASY,6,top3,2026-08,216,0.30092592592592593,0.19578479956109693,0.19126139877665307,0.19309108382148868,0.19121843671674799,0.19421491592900478,0.19558632312119784,0.1976643077993607,ebm
ASY,6,top3,2026-09,144,0.1736111111111111,0.13011818025659866,0.12248754838234494,0.12292356468768409,0.12186968652569893,0.13449834034431474,0.11935261646337526,0.12225317702724084,autogluon
AMG,1,first,2026-03,246,0.6097560975609756,0.20679288547579294,0.20379435359259387,0.19947132765534084,0.2004520819718605,0.2037286434905768,0.20310958867057474,0.2017179617747069,flaml
AMG,1,first,2026-04,138,0.6304347826086957,0.20924446611558456,0.2101352576952448,0.20672516685556502,0.20467643455560142,0.2171539009122463,0.20651624472784658,0.2091128222431456,ebm
AMG,1,first,2026-05,159,0.6226415094339622,0.21558563784335025,0.21414567274136811,0.2042314245528426,0.21670157558023115,0.2101789068780779,0.20395235322908456,0.21116618907523396,autogluon
AMG,1,first,2026-06,254,0.6259842519685039,0.21807881981660152,0.21901661297327266,0.21583504286339836,0.21514142263409752,0.21601465151094051,0.21472110832297686,0.21560123727727334,autogluon
AMG,1,first,2026-07,159,0.5974842767295597,0.20187519814029162,0.20886010303564564,0.2019302569761799,0.20496243701295383,0.2031966146202248,0.20133506436910345,0.19448039434367803,ngboost
AMG,1,first,2026-08,252,0.5714285714285714,0.20103441735967148,0.2035574492343707,0.2053505996340687,0.2036719431627101,0.20941311696066334,0.20355148524795394,0.20269970186029154,hgb
AMG,1,first,2026-09,188,0.5425531914893617,0.2313338933233255,0.22687160202443957,0.22642888819554835,0.2322892752219621,0.22146084549176684,0.2180777357738678,0.2210260737496338,autogluon
AMG,1,top2,2026-03,246,0.7520325203252033,0.16837635688716285,0.16808048547876941,0.16372902161878164,0.16784851107993715,0.1715104679224635,0.1692562062375151,0.16362781695045117,ngboost
AMG,1,top2,2026-04,138,0.8260869565217391,0.13920754489510692,0.14899836852783158,0.14340681720158485,0.14813725527504576,0.14396971077250864,0.14271706928797198,0.14428163571588626,hgb
AMG,1,top2,2026-05,159,0.779874213836478,0.18323425873440835,0.17340412792638404,0.17335705206497212,0.1793117109662447,0.16986667483537354,0.16989540640330444,0.1756183834900397,tabdpt_turbo
AMG,1,top2,2026-06,254,0.7795275590551181,0.15536673052091468,0.15469007300687965,0.15119247412125722,0.15307328857219463,0.15500992884625342,0.1546355184087211,0.15467629553577594,flaml
AMG,1,top2,2026-07,159,0.7610062893081762,0.1481416650847587,0.14383510199414495,0.15072195929823287,0.1499040917010543,0.15269552922019755,0.1442467055072968,0.15159544556323765,catboost
AMG,1,top2,2026-08,252,0.7619047619047619,0.15320440821958872,0.15349234127563427,0.16138484019748528,0.1534879625185495,0.16095236302431382,0.15651880395508858,0.15955550665033486,hgb
AMG,1,top2,2026-09,188,0.7340425531914894,0.19213121378294534,0.19185992991561365,0.19119091014312012,0.1871155828588408,0.18470535198853175,0.19363042882074655,0.19049736136407286,tabdpt_turbo
AMG,1,top3,2026-03,246,0.8455284552845529,0.12271174585919825,0.11817908010984314,0.11981867582404256,0.11726336462052664,0.11932549167278837,0.11985830946616662,0.1195618661017611,ebm
AMG,1,top3,2026-04,138,0.8985507246376812,0.0902252098831749,0.08936710567004129,0.09408108310652807,0.09210498597479157,0.09044597846057,0.08779594793039262,0.09324737499130817,autogluon
AMG,1,top3,2026-05,159,0.8930817610062893,0.0918208923844358,0.09456042821091186,0.09754380686900467,0.09729372871935,0.0969934797497702,0.09534997343760068,0.09371378954899019,hgb
AMG,1,top3,2026-06,254,0.8503937007874016,0.12141339756174538,0.11997771566323,0.119982073873269,0.1210694754249348,0.12240020980870882,0.1184338205673249,0.11810562532311214,ngboost
AMG,1,top3,2026-07,159,0.8364779874213837,0.11839667197051576,0.12103164507751538,0.12084852868653612,0.11921269203906729,0.12003052912529143,0.12078442774933243,0.12024858109323903,hgb
AMG,1,top3,2026-08,252,0.8253968253968254,0.12698752319949602,0.12932878727697775,0.13230940757478946,0.12991526922152605,0.1321972626912048,0.12372148248726357,0.1310081233693837,autogluon
AMG,1,top3,2026-09,188,0.8138297872340425,0.14739343907225375,0.14878497389824127,0.14653945498519402,0.14745709693957762,0.14258958371524583,0.1437157676944039,0.1432187990518389,tabdpt_turbo
AMG,2,first,2026-03,246,0.13821138211382114,0.1010693549972422,0.09966565860405407,0.09766673263347975,0.0998791174352826,0.10539079655969258,0.1062921254530348,0.10530954332689407,flaml
AMG,2,first,2026-04,138,0.14492753623188406,0.11135758242268098,0.11495576708518299,0.11598215064393198,0.10731182519682016,0.10992578687524258,0.11760511640157742,0.11094421247656076,ebm
AMG,2,first,2026-05,159,0.1069182389937107,0.07269739984224877,0.07271855149903661,0.0724273220222483,0.07093590031364715,0.08095065958368582,0.07248192501434012,0.07738885880633073,ebm
AMG,2,first,2026-06,254,0.11811023622047244,0.09593160470967382,0.09392235532756268,0.09514366673643024,0.09569246044155998,0.09753211226040794,0.09959995510301443,0.09950520611345416,catboost
AMG,2,first,2026-07,159,0.13836477987421383,0.11897759440225536,0.1132970112531992,0.11228991665695594,0.11548976530172465,0.11278524401064524,0.11233015142151227,0.11067726176524775,ngboost
AMG,2,first,2026-08,252,0.13095238095238096,0.1056936163058407,0.10239290111683078,0.10478712179962553,0.10237477470150927,0.10765815429913382,0.10563886953489446,0.10703625875631456,ebm
AMG,2,first,2026-09,188,0.17553191489361702,0.13232309723440933,0.13386536377673708,0.13134909309296536,0.13200232342610077,0.13384586324929884,0.13454240757936572,0.13555348166800923,flaml
AMG,2,top2,2026-03,246,0.3861788617886179,0.2135967821268735,0.2085515787264294,0.2192990051075503,0.20856462038923945,0.21931861705240344,0.20587965431637087,0.20591397116095697,autogluon
AMG,2,top2,2026-04,138,0.391304347826087,0.2086159147785756,0.2167874734369864,0.21797939587294765,0.20135570843014244,0.21521281212747662,0.20993125704803065,0.20977178549719208,ebm
AMG,2,top2,2026-05,159,0.389937106918239,0.22002021268667726,0.2125298900365488,0.2142843257461154,0.22578589327136975,0.22271485868493682,0.20761395255714032,0.21439868076057422,autogluon
AMG,2,top2,2026-06,254,0.35826771653543305,0.2053254787670253,0.19990517279878195,0.20192740731013417,0.1997791612937321,0.20548611698984248,0.20001824832041257,0.20066168282848743,ebm
AMG,2,top2,2026-07,159,0.389937106918239,0.21029308796841678,0.20833348711456282,0.21225353389992577,0.20960306775617213,0.2050863981847071,0.21206605772708273,0.2053922171638056,tabdpt_turbo
AMG,2,top2,2026-08,252,0.32936507936507936,0.20959019006805274,0.2047015309352042,0.20539702914452876,0.19884501807122829,0.20272796000886947,0.19761739303107384,0.199074815183174,autogluon
AMG,2,top2,2026-09,188,0.39361702127659576,0.20984675657655022,0.20632844488222338,0.2166256002135997,0.20903036420450755,0.22402567440697738,0.21155943246633113,0.21040557219498313,catboost
AMG,2,top3,2026-03,246,0.5447154471544715,0.22514477298462393,0.22379964679493425,0.22615229298037107,0.21571650188255365,0.21790323910232712,0.2196981209867554,0.22042468703343435,ebm
AMG,2,top3,2026-04,138,0.644927536231884,0.20203886127847234,0.19952929356622898,0.21104977056430016,0.19412465277304033,0.1972434083967624,0.20377363343345034,0.20480267987394454,ebm
AMG,2,top3,2026-05,159,0.559748427672956,0.21561540800344975,0.22061473970482368,0.20916861594269404,0.21626186187278879,0.22950119625905951,0.20858516587604667,0.20740455337767078,ngboost
AMG,2,top3,2026-06,254,0.5433070866141733,0.22399227784586304,0.22442232400653508,0.2335659393044998,0.22751774268274924,0.23372076439799613,0.22445691253912908,0.2273988433006914,hgb
AMG,2,top3,2026-07,159,0.5911949685534591,0.19937065181759211,0.19451359877643362,0.18584429263265032,0.19456971462811667,0.19704497889886494,0.19536042637321374,0.19248413634395126,flaml
AMG,2,top3,2026-08,252,0.5,0.21955101894564152,0.22225945510845635,0.2250694877791202,0.2170865683401559,0.2276976696956107,0.22054216344411912,0.2231598530860609,ebm
AMG,2,top3,2026-09,188,0.5691489361702128,0.21417823949844295,0.20797713427545186,0.21500603429218515,0.20858204165616956,0.22188044107120755,0.21430572632667572,0.20989643043537543,catboost
AMG,3,first,2026-03,246,0.10569105691056911,0.08401089721450544,0.0868174816836716,0.08741865989401038,0.0865442252059639,0.08749560024029569,0.08494757086769796,0.08632519508026693,hgb
AMG,3,first,2026-04,138,0.09420289855072464,0.07377543056719818,0.0750183430663651,0.08347732107237893,0.07749364956530949,0.07470785666709398,0.07410403791414177,0.07510099913962963,hgb
AMG,3,first,2026-05,159,0.11949685534591195,0.09886650999752426,0.0975735764912186,0.09792715204659107,0.09856544685323444,0.09456526611174881,0.09937806243465991,0.09815679589153946,tabdpt_turbo
AMG,3,first,2026-06,254,0.1062992125984252,0.08645137154946544,0.07985277397610663,0.08485183039453723,0.08330165435314814,0.08094360920610617,0.0807693984502418,0.08293550322213185,catboost
AMG,3,first,2026-07,159,0.1320754716981132,0.10039207669099862,0.10161861066229196,0.10518077550066056,0.1007932597026136,0.10225801865567109,0.09988098068352888,0.10292344138828871,autogluon
AMG,3,first,2026-08,252,0.12698412698412698,0.09942848427297203,0.0935414773119957,0.10391270730384491,0.09600510027357763,0.10281213732851302,0.10023709856991211,0.10244215067178629,catboost
AMG,3,first,2026-09,188,0.11702127659574468,0.08966019396437272,0.09065063122283228,0.09298696420548822,0.08869300903063054,0.09444101028373185,0.09038098956961982,0.09458172937714379,ebm
AMG,3,top2,2026-03,246,0.2967479674796748,0.1992655433850806,0.19315106610465785,0.19441818763127075,0.19215672676381657,0.19885849428768015,0.19441138993009444,0.19503686370755402,ebm
AMG,3,top2,2026-04,138,0.35507246376811596,0.21301526207141355,0.20365737503204526,0.2057918247819138,0.20136994231808825,0.20219564553261654,0.2098078297012289,0.20703591556700612,ebm
AMG,3,top2,2026-05,159,0.3081761006289308,0.18873110942894802,0.19161296873470507,0.19262982930684,0.18869070616559652,0.1881873021192029,0.19354907878374342,0.18855415356038743,tabdpt_turbo
AMG,3,top2,2026-06,254,0.3464566929133858,0.19574588328316414,0.19462953657983828,0.19039531641414614,0.19234383403219021,0.2016511253362602,0.18943827842277894,0.1861461063091031,ngboost
AMG,3,top2,2026-07,159,0.29559748427672955,0.17130816334542875,0.16567495768133353,0.17396003092799148,0.16840248566641652,0.184342849511004,0.16937781591716147,0.17035813115136947,catboost
AMG,3,top2,2026-08,252,0.3253968253968254,0.2060605683107149,0.2048338149470641,0.20183002982614973,0.19769672047399933,0.20384748324201366,0.2043262500965322,0.1979410547415474,ebm
AMG,3,top2,2026-09,188,0.2872340425531915,0.18904491465237713,0.1921041613351803,0.19185775001416985,0.18525061618688296,0.19112395392329692,0.18903773242296854,0.19282462399545888,ebm
AMG,3,top3,2026-03,246,0.5284552845528455,0.23026516028459024,0.22489369510235518,0.22452243477554953,0.2235956267264566,0.23607065403046,0.22586540097233732,0.22170288182690254,ngboost
AMG,3,top3,2026-04,138,0.5579710144927537,0.21961240138511726,0.22310683546295734,0.2218884200270826,0.21647539125893211,0.2195383032945935,0.21806682860031046,0.2217210396005753,ebm
AMG,3,top3,2026-05,159,0.5471698113207547,0.22139571073311612,0.21882865090164252,0.22451444009212385,0.21492754445867512,0.22782710973716716,0.21945822367390883,0.2190245989887741,ebm
AMG,3,top3,2026-06,254,0.5118110236220472,0.21478585267148756,0.2208446834440486,0.21740559968036693,0.212325562948252,0.22326379585023445,0.21453767087041525,0.21586042107802778,ebm
AMG,3,top3,2026-07,159,0.5157232704402516,0.20004532990393173,0.21402742648425757,0.20088322598022623,0.19932593551316857,0.21188705686232234,0.20526888264140422,0.2022062267075354,ebm
AMG,3,top3,2026-08,252,0.5158730158730159,0.23326557988042435,0.227231309294115,0.2262073455908215,0.23012602047614975,0.22538897124438148,0.22900629624168609,0.23057119450027733,tabdpt_turbo
AMG,3,top3,2026-09,188,0.526595744680851,0.21473541435780186,0.2123484944990376,0.22094770686620002,0.20561881380647395,0.2115344235075704,0.21112748998064618,0.2090497355603717,ebm
AMG,4,first,2026-03,246,0.08943089430894309,0.08028274807254714,0.078418221086786,0.0799294902950565,0.07756850206384484,0.07841903327359709,0.0781910869562402,0.08005584288603869,ebm
AMG,4,first,2026-04,138,0.057971014492753624,0.05508285408601079,0.05399041353084446,0.05547330361316739,0.05291602684666312,0.05342600537764364,0.052921107771325304,0.054147526382251995,ebm
AMG,4,first,2026-05,159,0.09433962264150944,0.08500663861772394,0.08196926061086553,0.09029687315388343,0.08768249623458735,0.08740289000047809,0.08358998850602892,0.0823058966421077,catboost
AMG,4,first,2026-06,254,0.08661417322834646,0.0718645670970337,0.07120834255259913,0.0726885406305063,0.07010713480027896,0.07431887688940585,0.07380098332015546,0.07413445168216411,ebm
AMG,4,first,2026-07,159,0.10062893081761007,0.08546945941155507,0.08274696323816712,0.08274969257244602,0.08087585160892725,0.08461064319112395,0.08437936310461065,0.0849184616174585,ebm
AMG,4,first,2026-08,252,0.0992063492063492,0.07820857523219404,0.07580446911811824,0.07834769532490178,0.07536980365713443,0.08041223864759356,0.07810020227482536,0.08104330725709073,ebm
AMG,4,first,2026-09,188,0.10638297872340426,0.09104650714793279,0.08529185850373978,0.08532088059674596,0.08943677054975528,0.08855602453531972,0.08612675418479106,0.08844104108857627,catboost
AMG,4,top2,2026-03,246,0.3048780487804878,0.21167246443861293,0.20597205944125593,0.20707128757676574,0.21146603023550722,0.20534350260364082,0.20644316179020744,0.208527871243026,tabdpt_turbo
AMG,4,top2,2026-04,138,0.21739130434782608,0.15810104129132535,0.16245983386107388,0.16347333139884784,0.16150284637751713,0.17661446775721484,0.15651043476452964,0.15222342497253316,ngboost
AMG,4,top2,2026-05,159,0.2830188679245283,0.20165073340945605,0.19494666114069215,0.1890187246332397,0.19140776520416608,0.20408176028723865,0.18484055545264813,0.18337619862455512,ngboost
AMG,4,top2,2026-06,254,0.2559055118110236,0.16895017010527116,0.1705607680543906,0.1784615908209611,0.1649309987081127,0.1798913344406878,0.17103364577680835,0.17139172363311717,ebm
AMG,4,top2,2026-07,159,0.33962264150943394,0.20021209797194153,0.20246630420363934,0.205219040424413,0.19826344823083575,0.1941730390494343,0.197265290067029,0.2014852208237063,tabdpt_turbo
AMG,4,top2,2026-08,252,0.2698412698412698,0.18859525875209202,0.18444898111472302,0.18420237125820207,0.18450132134658923,0.17719423181406646,0.1758487203047944,0.17776660443748243,autogluon
AMG,4,top2,2026-09,188,0.30319148936170215,0.17032561043041622,0.17370275650161954,0.18608738510765194,0.1705322500123979,0.17486466826226735,0.17547766266400153,0.17632886528132877,hgb
AMG,4,top3,2026-03,246,0.5203252032520326,0.2341943036467478,0.2324883616328603,0.23848373650750598,0.23535621296404938,0.23720962421422953,0.23742017320308614,0.23579130523595784,catboost
AMG,4,top3,2026-04,138,0.41304347826086957,0.20947581387534736,0.20751094990147548,0.21755322811386515,0.2101483745719285,0.22555161713299665,0.21579841420217385,0.20805593894257476,catboost
AMG,4,top3,2026-05,159,0.5471698113207547,0.2184120121493033,0.20839928560989218,0.2150723030962889,0.19913013489271772,0.21982490052143702,0.21590028904827765,0.21581332271474044,ebm
AMG,4,top3,2026-06,254,0.49606299212598426,0.21982236879440029,0.22633311014203536,0.2214571986135663,0.21646305016355935,0.23018472097511336,0.22456256652678167,0.21688156846916146,ebm
AMG,4,top3,2026-07,159,0.4968553459119497,0.19902243102228873,0.20749484600377724,0.21038895630198384,0.19687948562015012,0.20674758262558907,0.2123280853148745,0.20314433286939432,ebm
AMG,4,top3,2026-08,252,0.5158730158730159,0.22696868777324697,0.2159264723567499,0.21869035226313963,0.2118402485547067,0.21112532255833757,0.21460932846187894,0.21505079434558602,tabdpt_turbo
AMG,4,top3,2026-09,188,0.5106382978723404,0.20849320888094533,0.20694379043474942,0.21619796842567182,0.196045312184213,0.20382815816962555,0.2107072429610426,0.20853122299535723,ebm
AMG,5,first,2026-03,246,0.04065040650406504,0.03994699002598207,0.04067085582468887,0.04027139531308835,0.03845952093776295,0.039272764503436745,0.03884710216608332,0.0395024225636025,ebm
AMG,5,first,2026-04,138,0.06521739130434782,0.05926307802480466,0.060119045935043205,0.057821583591295106,0.05731827793046795,0.060673319827657286,0.05977224637659921,0.05934561369778537,ebm
AMG,5,first,2026-05,159,0.0440251572327044,0.03827610770871321,0.036443147695628314,0.035579845494177094,0.035905379536598614,0.041922350330272654,0.038572049887667326,0.03884747319275485,flaml
AMG,5,first,2026-06,254,0.051181102362204724,0.04710806220885189,0.048146749150577504,0.04621112888134176,0.04650869197534943,0.048451546258863734,0.04720918309712378,0.04840434041424565,flaml
AMG,5,first,2026-07,159,0.031446540880503145,0.0318600832330443,0.032812079915816354,0.03202911079792355,0.0313936527340707,0.03135141008069915,0.03129840186269731,0.03163777823425295,autogluon
AMG,5,first,2026-08,252,0.051587301587301584,0.04825187023381674,0.04537525328726524,0.047402494117337594,0.04590835665304987,0.04878574329235873,0.0461033139232511,0.04724146307898472,catboost
AMG,5,first,2026-09,188,0.05319148936170213,0.04976254089716298,0.049325383911787736,0.05086020767022303,0.04973652502952197,0.0503625812620797,0.04990349380980929,0.04977005007090083,catboost
AMG,5,top2,2026-03,246,0.18292682926829268,0.14217383262067143,0.14013607180803614,0.14321526281093308,0.14010635807286587,0.14315946286935274,0.14013751731276441,0.13891618880057305,ngboost
AMG,5,top2,2026-04,138,0.15217391304347827,0.12974457626504524,0.13094155638817961,0.12887080260672215,0.12745560651426732,0.1292404114446091,0.130273740229297,0.12821359891422932,ebm
AMG,5,top2,2026-05,159,0.1509433962264151,0.12760433453102338,0.12472559040125292,0.12623425708489883,0.12414326157706393,0.12521760267685972,0.12272386941433738,0.12309642440953387,autogluon
AMG,5,top2,2026-06,254,0.18503937007874016,0.1448855532876287,0.1442608487953194,0.1455247170759092,0.1443626372388775,0.14265670046837936,0.1448037062738082,0.14636138735442542,tabdpt_turbo
AMG,5,top2,2026-07,159,0.14465408805031446,0.13148327748553618,0.13522079336126822,0.12669247439402637,0.1295668691387804,0.12096275661118264,0.13059620816419296,0.12761323104297065,tabdpt_turbo
AMG,5,top2,2026-08,252,0.2222222222222222,0.1572556863431512,0.1603135678466618,0.16054937283344464,0.15787640342701414,0.16441526856051245,0.15975082456371925,0.1628729034838077,hgb
AMG,5,top2,2026-09,188,0.2074468085106383,0.15506105308302368,0.15402253822712006,0.15321586097136405,0.1526453825430571,0.15671572683291043,0.1508677198169908,0.15561642617803856,autogluon
AMG,5,top3,2026-03,246,0.35772357723577236,0.22126240869684652,0.21503112627393547,0.21710302694448372,0.21269538059830734,0.21366462379688858,0.21415657915372102,0.21079508118884205,ngboost
AMG,5,top3,2026-04,138,0.36231884057971014,0.21597262950836613,0.222085386041217,0.21777543238086788,0.22158442986061772,0.2193644470511175,0.21930735102321014,0.21940114654892748,hgb
AMG,5,top3,2026-05,159,0.2641509433962264,0.18446263717548114,0.18533271677526758,0.18753174239492335,0.18995331786857045,0.19842043373114915,0.18555458787196447,0.1851675872533149,hgb
AMG,5,top3,2026-06,254,0.3543307086614173,0.21608294940207234,0.21733793460635967,0.21897884102246168,0.2110697478372547,0.21160815596534346,0.2135493733252611,0.21178759937956898,ebm
AMG,5,top3,2026-07,159,0.3584905660377358,0.2178048871810356,0.21034515712864116,0.22358033506484412,0.21708004750173343,0.21721467994976018,0.2083506225633715,0.2124703914617888,autogluon
AMG,5,top3,2026-08,252,0.4246031746031746,0.21731623288133706,0.2118292954803014,0.2185486424842563,0.21187004597339543,0.2152896533389954,0.21394620258184832,0.219865876776869,catboost
AMG,5,top3,2026-09,188,0.3617021276595745,0.21930595743072592,0.2119741006705676,0.22226729006492602,0.20561501128744394,0.21673559036229326,0.20967340994460407,0.21119147178819597,ebm
AMG,6,first,2026-03,246,0.016260162601626018,0.01451212028904756,0.015080155613463512,0.015206926066880259,0.014992443236868543,0.01606300163226299,0.015328132040632136,0.015364027483565254,hgb
AMG,6,first,2026-04,138,0.007246376811594203,0.007368514571110305,0.007175831410096014,0.007186367879319438,0.007399262057401263,0.007408646020255914,0.007359846733251264,0.007354183486538611,catboost
AMG,6,first,2026-05,159,0.012578616352201259,0.012661919670619692,0.012210702055493884,0.012400274824999696,0.012010087976790755,0.01255935708832023,0.012376992330535217,0.012775905198285491,ebm
AMG,6,first,2026-06,254,0.011811023622047244,0.011735661051322283,0.011619631215041417,0.011669888022177485,0.012013172356789417,0.011822761754723495,0.011514017319971759,0.011800169635845324,autogluon
AMG,6,first,2026-07,159,0.0,8.429523021631288e-05,0.00032665495205496943,0.0004957153546568473,0.0008527359573413494,0.0006503985933806501,0.0004777811622478107,0.00030089965940588296,hgb
AMG,6,first,2026-08,252,0.01984126984126984,0.017995000151146558,0.017842011668117882,0.01905449112958126,0.01661122857102682,0.019267604434462307,0.018165729805181257,0.018778381616920525,ebm
AMG,6,first,2026-09,188,0.005319148936170213,0.0053769254739536535,0.005574867910273385,0.00560364742652178,0.006129577148823596,0.0056698431183829345,0.005286279804067348,0.005372290566264435,autogluon
AMG,6,top2,2026-03,246,0.07723577235772358,0.06442865912627459,0.06634797794712449,0.06727224533922303,0.06666656064177284,0.07027436579022152,0.0657640265004808,0.06741127311459066,hgb
AMG,6,top2,2026-04,138,0.057971014492753624,0.05376098869398738,0.0499442209307593,0.05314745954120773,0.0500720668348878,0.05497627679506801,0.05083976269327362,0.0499894650810743,catboost
AMG,6,top2,2026-05,159,0.0880503144654088,0.07356001757186906,0.07057918926614506,0.0749265743403349,0.06818964541742147,0.0776784733549502,0.07200406946819196,0.07210281929959955,ebm
AMG,6,top2,2026-06,254,0.07480314960629922,0.06765024329628068,0.06490950373380572,0.06658794055477532,0.0636663005319986,0.06925280569417673,0.06574908076036955,0.06631797193236545,ebm
AMG,6,top2,2026-07,159,0.06918238993710692,0.06406352125527164,0.0633042337080834,0.061891165631799576,0.06104763560689713,0.06296445760656523,0.062343256447759635,0.0605251809243176,ngboost
AMG,6,top2,2026-08,252,0.09126984126984126,0.07623239120241568,0.07518946823288798,0.0795469212465399,0.07344901975714907,0.07998325769418144,0.0774796416630776,0.0776352655055556,ebm
AMG,6,top2,2026-09,188,0.07446808510638298,0.07214837558460788,0.06858651234017643,0.06685017360455414,0.07099034155082555,0.06857884142543155,0.06936912649753195,0.06929861165559927,flaml
AMG,6,top3,2026-03,246,0.2032520325203252,0.14408324677473894,0.1449367789034238,0.14988905067706318,0.14470509412496724,0.1486200051071027,0.14504388799050932,0.14797729433938428,hgb
AMG,6,top3,2026-04,138,0.12318840579710146,0.08908163863023992,0.08727198929691538,0.09474475316683356,0.11152445422711234,0.10148422506739858,0.09028550739607745,0.09203314571425496,catboost
AMG,6,top3,2026-05,159,0.18867924528301888,0.13127840629196866,0.12893489297251523,0.13537974593851076,0.12887943012156267,0.14266381869808126,0.13024609258010966,0.13231346477142303,ebm
AMG,6,top3,2026-06,254,0.2440944881889764,0.17559459499911328,0.18119185174538996,0.17682197858203985,0.1762313621972965,0.1691370275961477,0.17430915705709707,0.1776645806084526,tabdpt_turbo
AMG,6,top3,2026-07,159,0.18867924528301888,0.14289189134097072,0.1403948607612642,0.1395092714312873,0.1480034154569801,0.1480717476344476,0.14003779376319953,0.13802904733289875,ngboost
AMG,6,top3,2026-08,252,0.21825396825396826,0.16167696950795227,0.15786289053437091,0.15852798023403653,0.15433182910547835,0.15364314245213376,0.15287319374717262,0.1574169417426346,autogluon
AMG,6,top3,2026-09,188,0.21808510638297873,0.15718676255260283,0.14454277509624106,0.15010896277072,0.15194689357765875,0.15636649153361343,0.14738322148577943,0.14927466314882915,catboost
