place,course,target,selected_estimator,internal_metric,time_budget_seconds,max_iter
ASY,1,first,lgbm,log_loss,15,40
ASY,1,top2,lgbm,log_loss,15,40
ASY,1,top3,xgboost,log_loss,15,40
ASY,2,first,lgbm,log_loss,15,40
ASY,2,top2,lgbm,log_loss,15,40
ASY,2,top3,lgbm,log_loss,15,40
ASY,3,first,lgbm,log_loss,15,40
ASY,3,top2,xgboost,log_loss,15,40
ASY,3,top3,xgboost,log_loss,15,40
ASY,4,first,xgboost,log_loss,15,40
ASY,4,top2,lgbm,log_loss,15,40
ASY,4,top3,lgbm,log_loss,15,40
ASY,5,first,lgbm,log_loss,15,40
ASY,5,top2,lgbm,log_loss,15,40
ASY,5,top3,lgbm,log_loss,15,40
ASY,6,first,lgbm,log_loss,15,40
ASY,6,top2,lgbm,log_loss,15,40
ASY,6,top3,xgboost,log_loss,15,40
AMG,1,first,lgbm,log_loss,15,40
AMG,1,top2,lgbm,log_loss,15,40
AMG,1,top3,lgbm,log_loss,15,40
AMG,2,first,lgbm,log_loss,15,40
AMG,2,top2,lgbm,log_loss,15,40
AMG,2,top3,lgbm,log_loss,15,40
AMG,3,first,lgbm,log_loss,15,40
AMG,3,top2,lgbm,log_loss,15,40
AMG,3,top3,lgbm,log_loss,15,40
AMG,4,first,lgbm,log_loss,15,40
AMG,4,top2,xgboost,log_loss,15,40
AMG,4,top3,xgboost,log_loss,15,40
AMG,5,first,lgbm,log_loss,15,40
AMG,5,top2,xgboost,log_loss,15,40
AMG,5,top3,lgbm,log_loss,15,40
AMG,6,first,lgbm,log_loss,15,40
AMG,6,top2,lgbm,log_loss,15,40
AMG,6,top3,xgboost,log_loss,15,40
