place,course,target,feature_set,feature_count,train_n,valid_n,test_n,train_positive_rate,valid_positive_rate,test_positive_rate,valid_hgb_brier,valid_catboost_brier,valid_flaml_brier,valid_ebm_brier,valid_winner,test_hgb_brier,test_catboost_brier,test_flaml_brier,test_ebm_brier,test_winner,flaml_selected_estimator,hgb_fit_seconds,catboost_fit_seconds,flaml_fit_seconds,ebm_fit_seconds,hgb_predict_seconds,catboost_predict_seconds,flaml_predict_seconds,ebm_predict_seconds,test_hgb_log_loss,test_hgb_auc,test_hgb_accuracy_0_5,test_hgb_probability_mean,test_catboost_log_loss,test_catboost_auc,test_catboost_accuracy_0_5,test_catboost_probability_mean,test_flaml_log_loss,test_flaml_auc,test_flaml_accuracy_0_5,test_flaml_probability_mean,test_ebm_log_loss,test_ebm_auc,test_ebm_accuracy_0_5,test_ebm_probability_mean
ASY,1,first,post_exhibition,170,3500,1148,1268,0.5957142857142858,0.6088850174216028,0.6033123028391167,0.21900093458121256,0.216457074132026,0.21529179038872814,0.21487004354103958,ebm,0.22328653214321192,0.2247273323537626,0.22041940497284415,0.22080960980840658,flaml,lgbm,2.0292158257216215,4.510665602050722,7.040423749014735,10.557628736365587,0.03558089304715395,0.008087750989943743,0.006152427289634943,0.0235159108415246,0.6425230473958218,0.6621577723203264,0.6585173501577287,0.5932695000570608,0.6438587163979744,0.6534986161462597,0.6419558359621451,0.5931665853530238,0.632096349983293,0.6608401876323757,0.6553627760252366,0.5883049511145426,0.6348055085931847,0.6611312517054535,0.6577287066246057,0.5898677100704532
ASY,1,top2,post_exhibition,170,3500,1148,1268,0.7605714285714286,0.759581881533101,0.7563091482649842,0.16732552871265505,0.16590495209453707,0.16344941180755138,0.17119677518078255,flaml,0.17376148776796774,0.172763294012113,0.17377715275541147,0.1766735440614557,catboost,lgbm,2.0781096550635993,4.502330809831619,4.8770936001092196,9.567782332189381,0.0355617543682456,0.010860892944037914,0.005120154935866594,0.024074082262814045,0.5337385834657187,0.6566069699086494,0.7563091482649842,0.7770212178994085,0.5292592760031993,0.659657612602124,0.7626182965299685,0.7755408643929073,0.5298891742851235,0.6456698759157833,0.7578864353312302,0.7646842321773257,0.5397113901334705,0.654200876722314,0.7618296529968455,0.7603155097656944
ASY,1,top3,post_exhibition,170,3500,1148,1268,0.844,0.8405923344947736,0.8343848580441641,0.12578270901917651,0.12301542997257066,0.12136742681653855,0.12184564724823295,flaml,0.1320150619204902,0.13245063595763645,0.13073042308588947,0.13277634447951878,flaml,xgboost,2.084081365726888,4.461773883085698,14.362614799756557,8.57802952080965,0.0353984571993351,0.008348721079528332,0.00404195673763752,0.023818457033485174,0.4364703804707943,0.6650283553875236,0.8367507886435331,0.8661541760561406,0.4338741060121283,0.6542533081285444,0.832018927444795,0.8620511377876707,0.424671127854326,0.6633180304257809,0.8359621451104101,0.8446843028068542,0.43199681257539724,0.6548474210099918,0.832807570977918,0.8444660026756009
ASY,2,first,post_exhibition,170,3500,1148,1268,0.09714285714285714,0.10365853658536585,0.09779179810725552,0.08527114923312762,0.08286687121087406,0.08333054927944757,0.083845292594073,catboost,0.08273052975795658,0.08090964786750911,0.0805853628427296,0.08073520983285769,flaml,lgbm,2.198668295983225,4.471066392958164,4.77821755874902,8.98423546180129,0.03656488563865423,0.0083496137522161,0.016456083860248327,0.023905961774289608,0.29681908482284497,0.7369938529212723,0.8990536277602523,0.07130197634882686,0.2862934514322387,0.7419848296864427,0.9006309148264984,0.08394504796448327,0.2838138277648397,0.7623540773742387,0.9022082018927445,0.09408588048335685,0.2843440611668629,0.7444098240469208,0.9006309148264984,0.0922629174881762
ASY,2,top2,post_exhibition,170,3500,1148,1268,0.3274285714285714,0.3318815331010453,0.34936908517350157,0.20853464364105465,0.20489907349987413,0.2051549146866527,0.20431142179689118,ebm,0.2160261152087542,0.21391348184947548,0.2118870928858134,0.21354431373937338,flaml,lgbm,2.053525567986071,4.516888989135623,4.51878482894972,8.599848937243223,0.034932001028209925,0.011711383238434792,0.00421971594914794,0.023466454818844795,0.6236947528263965,0.6528928107257678,0.6640378548895899,0.32419755745442863,0.6194741265256156,0.6513359326903345,0.6703470031545742,0.3194756458426421,0.6124964084360692,0.6547999179150421,0.6735015772870663,0.33126938828441976,0.6182594575440435,0.655358095628976,0.6711356466876972,0.3347824539248134
ASY,2,top3,post_exhibition,170,3500,1148,1268,0.5162857142857142,0.5426829268292683,0.5488958990536278,0.23865172289292835,0.2357286890230477,0.2316396571461518,0.23212029409690996,flaml,0.24219145489842944,0.23713589417290104,0.23600452230776378,0.23512854838837247,ebm,lgbm,2.0495174913667142,4.484907661098987,4.079435416031629,8.68536026822403,0.03505665296688676,0.007941626943647861,0.007249786052852869,0.023390264715999365,0.6800330418624465,0.6265573506952817,0.5843848580441641,0.5268385587942759,0.6681234335096444,0.6384107989711438,0.6041009463722398,0.5253027160540342,0.6642786602756712,0.6306240454947352,0.5970031545741324,0.5229121765403434,0.6631236161309118,0.6404177718832891,0.6072555205047319,0.5238792056649124
ASY,3,first,post_exhibition,170,3500,1148,1268,0.10971428571428571,0.10278745644599303,0.10725552050473186,0.09286148993624486,0.09179495026488461,0.08819999173768546,0.09338481478736012,flaml,0.09427484076295722,0.09025425811007738,0.09161139258077679,0.0937950359292693,catboost,lgbm,2.1168524120002985,4.454722844995558,5.289360783994198,8.962782534305006,0.0364448931068182,0.008152652997523546,0.011771341785788536,0.023819277994334698,0.3443867999011749,0.6498194242361255,0.8903785488958991,0.08378367781935693,0.3188696039039764,0.6888575659945958,0.8935331230283912,0.0928703874493602,0.32283411564960995,0.6715956921637913,0.8927444794952681,0.1071020144160226,0.327943987443293,0.6764705882352942,0.8903785488958991,0.10818686320722194
ASY,3,top2,post_exhibition,170,3500,1148,1268,0.3402857142857143,0.33885017421602787,0.3249211356466877,0.2165763280349282,0.21089253554465132,0.20741450261231473,0.20882629717378745,flaml,0.20674238718584748,0.20647116194181303,0.20199234410020364,0.20520370903204455,flaml,xgboost,2.0306661250069737,4.4753628629259765,7.73364834766835,8.680166639853269,0.03509178012609482,0.011625264305621386,0.00506456196308136,0.02399175288155675,0.6011242977636261,0.6543984211958986,0.668769716088328,0.33034008323357605,0.5997547863824718,0.6515374058615371,0.6805993690851735,0.3274127386224499,0.5909373936437665,0.6730602372742945,0.6861198738170347,0.3348912298679352,0.5973961189768191,0.6592102576898649,0.6790220820189274,0.33523674880968346
ASY,3,top3,post_exhibition,170,3500,1148,1268,0.5337142857142857,0.5348432055749129,0.5078864353312302,0.23991373887440837,0.2378251575182562,0.23313697731942482,0.23096070038923713,ebm,0.2301708418463994,0.2308896975550378,0.2303383088826617,0.22769423985095244,ebm,xgboost,2.0388607047498226,4.520842171739787,7.205631681717932,8.476535631809384,0.03496531909331679,0.008460331242531538,0.004431118257343769,0.02332163229584694,0.6515681839844447,0.6654323936932631,0.6072555205047319,0.5347337063623553,0.6545024529512284,0.6661814182194616,0.6261829652996845,0.5381158357605674,0.6528900725943659,0.6724585423634337,0.6230283911671924,0.5278841853141785,0.6466683975303781,0.6738707397674789,0.6246056782334385,0.531625063002307
ASY,4,first,post_exhibition,170,3500,1148,1268,0.11314285714285714,0.09930313588850175,0.1056782334384858,0.0870005936541557,0.08453712097072631,0.08436061547747462,0.08634092322852174,flaml,0.09757035246015532,0.0946879126938924,0.09382094568607299,0.09391764580721122,flaml,xgboost,2.308034711983055,4.449678512755781,11.242473100777715,8.728478393051773,0.03591960994526744,0.008875335101038218,0.0049149771220982075,0.02404587296769023,0.355212862635014,0.5989299534075653,0.88801261829653,0.09110381977539005,0.3385380204186563,0.6138158414277817,0.8927444794952681,0.09767726517236151,0.3301894388727077,0.6360854457869384,0.8943217665615142,0.1141590029001236,0.3326937542789678,0.6370133459685698,0.8919558359621451,0.1145005240592367
ASY,4,top2,post_exhibition,170,3500,1148,1268,0.292,0.2787456445993031,0.2823343848580442,0.18584285666278327,0.18572061750401986,0.18153217378006686,0.18684655408728423,flaml,0.19505172242249388,0.19312616098337393,0.19179341049980833,0.1938768634853212,flaml,lgbm,2.0205101617611945,4.558377089444548,4.90980114787817,8.824336854275316,0.03523188503459096,0.013441331218928099,0.005522243212908506,0.024333578068763018,0.5761783048292214,0.6468506353981214,0.7066246056782335,0.2952040405062096,0.5725284436890486,0.6449628583706797,0.7137223974763407,0.28299064211288544,0.5687517642741154,0.648971698692369,0.7192429022082019,0.294818809752031,0.5747717875982948,0.6477070415617903,0.7168769716088328,0.30034232068894995
ASY,4,top3,post_exhibition,170,3500,1148,1268,0.48142857142857143,0.48519163763066203,0.472397476340694,0.22678400024227358,0.22318469607902183,0.22592891644837132,0.23404074075156125,catboost,0.23601888673352028,0.22844637330060982,0.2305258149907303,0.23311240353510854,catboost,lgbm,2.3036099150776863,4.480234653688967,5.272681832779199,9.27640831982717,0.035678465850651264,0.008325805887579918,0.004389935173094273,0.023858353029936552,0.6646725747181632,0.6450711325053464,0.5993690851735016,0.49473682174456,0.6490868838047615,0.6693642368571435,0.611198738170347,0.4935056585716982,0.6529634888315925,0.6598815664373358,0.611198738170347,0.4990221115958266,0.6586401278136671,0.6530240984600642,0.5985804416403786,0.4940832459957719
ASY,5,first,post_exhibition,170,3500,1148,1268,0.06085714285714286,0.06707317073170732,0.06624605678233439,0.06473083188733184,0.062219265957695453,0.06060480880899704,0.062359384153095984,flaml,0.06315085216253236,0.06132682409643907,0.06231534129258481,0.060611442529619496,ebm,lgbm,2.1496552717871964,4.457107165828347,3.654757684096694,8.583705914206803,0.037052450235933065,0.007580437231808901,0.009128668811172247,0.024347421247512102,0.27133397076814525,0.5909045205920206,0.9337539432176656,0.034446995020869176,0.24238098717677473,0.6247787966537965,0.9337539432176656,0.04742030567570792,0.24440131590434108,0.582810489060489,0.9337539432176656,0.06317579874033737,0.2386613024767451,0.6299268018018018,0.9337539432176656,0.060907012345088725
ASY,5,top2,post_exhibition,170,3500,1148,1268,0.1997142857142857,0.21428571428571427,0.20504731861198738,0.17011395372024393,0.16667259202752635,0.16196867827413713,0.16535893857412268,flaml,0.16374355055697074,0.15901205513379393,0.1571130741305043,0.1594175475979781,flaml,lgbm,2.06592556880787,4.564810738898814,4.2663749302737415,8.607563280966133,0.03738905722275376,0.00701599707826972,0.003729014191776514,0.023924374021589756,0.5123941070305184,0.5913308913308913,0.7933753943217665,0.18559059513320866,0.49818657152349294,0.6065438034188034,0.7988958990536278,0.18558146492208086,0.490320572588565,0.626016865079365,0.7973186119873817,0.2014678962376205,0.5010675026174882,0.5941849816849817,0.7973186119873817,0.20416168228194007
ASY,5,top3,post_exhibition,170,3500,1148,1268,0.3977142857142857,0.38501742160278746,0.4108832807570978,0.2292676459886905,0.23145718902688436,0.22915684206530948,0.22862573887550008,ebm,0.23263219472411525,0.2313933009706573,0.22885256493889802,0.2275791757372504,ebm,lgbm,1.9712509638629854,4.505534706171602,6.912418609019369,8.7085240338929,0.03520120494067669,0.00814907206222415,0.0083080786280334,0.023869803175330162,0.6612421051107769,0.6290395105694692,0.6261829652996845,0.3939285489051631,0.6556993553424879,0.6277624894973368,0.6230283911671924,0.38966487847013914,0.6496085177579791,0.6356365962891874,0.6246056782334385,0.39784190655344787,0.647764929458339,0.6434978557865498,0.6253943217665615,0.3991984355952395
ASY,6,first,post_exhibition,170,3500,1148,1268,0.023428571428571427,0.018292682926829267,0.01971608832807571,0.017854124207066654,0.0178003163062018,0.016867405002139298,0.017873262407869385,flaml,0.019467378422617417,0.019394408952344195,0.019003685131820335,0.019132379503723637,flaml,lgbm,2.2677261605858803,4.392501932103187,3.1420145323500037,8.710778981912881,0.03746152017265558,0.007980562280863523,0.0037153982557356358,0.023923850152641535,0.11949596448595612,0.6495575221238938,0.9802839116719243,0.0036954470459284244,0.09431750896606658,0.6792598551890587,0.9802839116719243,0.01560077900052198,0.09097753418247786,0.7112308930008044,0.9802839116719243,0.02385477802376036,0.09311062955884895,0.6712791633145616,0.9802839116719243,0.020706186798075364
ASY,6,top2,post_exhibition,170,3500,1148,1268,0.08,0.07665505226480836,0.08201892744479496,0.06904395031272442,0.0670973131176755,0.06745901139599957,0.06612595862377137,ebm,0.07657785671326447,0.07514034430404817,0.07425889831759984,0.07399158016107399,ebm,lgbm,2.884652285836637,5.3261614642106,14.462951914872974,8.478565853089094,0.050432109739631414,0.010613001883029938,0.005038129631429911,0.023870987817645073,0.29717580939396127,0.652871398361089,0.917981072555205,0.04732271997275167,0.28056512154753876,0.6459820248480043,0.917981072555205,0.06104962790038668,0.2744200818071888,0.6547961274121068,0.916403785488959,0.0733863822300208,0.2726322518068611,0.683196206714248,0.918769716088328,0.0742780272917565
ASY,6,top3,post_exhibition,170,3500,1148,1268,0.22542857142857142,0.20905923344947736,0.22397476340694006,0.15456732376025875,0.15368659110026917,0.1495493663657226,0.1547819390416787,flaml,0.16412549096470672,0.16401366533511058,0.1608685914246495,0.1648257582081799,flaml,xgboost,2.6375638372264802,5.564437434077263,4.542566814925522,8.942855142056942,0.04554854705929756,0.009281652979552746,0.004143879283219576,0.023769717197865248,0.504400795754954,0.6789154643306996,0.7697160883280757,0.20649124704329794,0.5019986303936448,0.6755374728043055,0.7712933753943217,0.2052378098140575,0.4931378817726775,0.6859648746135348,0.7720820189274448,0.22103236615657806,0.5053148763371804,0.6672034237948012,0.7705047318611987,0.21504714999894137
AMG,1,first,post_exhibition,170,3866,655,1396,0.5863942058975685,0.6137404580152672,0.5988538681948424,0.2018932593814837,0.2018580673081108,0.19953821498980842,0.20315755624226695,flaml,0.2117955046026031,0.2120118574334773,0.20867966330103724,0.21077562528929775,flaml,lgbm,2.0645784162916243,4.323180733714253,6.834689680021256,8.760652394033968,0.02896166779100895,0.00810919888317585,0.01249300828203559,0.02103705983608961,0.6142493088184507,0.6993036568694464,0.6755014326647565,0.5905439217361468,0.6140337633019425,0.6970864661654136,0.670487106017192,0.5917768791022265,0.6069775507125477,0.7076426862611074,0.6776504297994269,0.5859153380541535,0.6106908783139517,0.7020313568010936,0.6740687679083095,0.5824235703157717
AMG,1,top2,post_exhibition,170,3866,655,1396,0.7480600103466115,0.749618320610687,0.7679083094555874,0.16766484826323835,0.17032626469239345,0.16645334329269773,0.17039589829886334,flaml,0.1629737288623616,0.16217165273017534,0.16232937117640456,0.16247585888767577,catboost,lgbm,2.005792514886707,4.301470306701958,6.676619444973767,8.680471064057201,0.0288574006408453,0.01084308186545968,0.00676028011366725,0.02185905771329999,0.5022142500025903,0.689308089183711,0.7614613180515759,0.7643415746205555,0.5008491057507629,0.6844884374424176,0.7750716332378224,0.761720568407798,0.4997629211267776,0.6912212663534181,0.7765042979942693,0.7484793933508613,0.5009093484283942,0.6864232080339046,0.7714899713467048,0.7483310715391183
AMG,1,top3,post_exhibition,170,3866,655,1396,0.8285049146404553,0.8381679389312977,0.8481375358166189,0.12223351164784313,0.11689345091381718,0.11938213416486353,0.11821406789297612,catboost,0.11934999036548585,0.11942738052111404,0.12073767914371066,0.11976649390269178,hgb,lgbm,2.2709565861150622,4.3002561326138675,8.232660544104874,8.383169786073267,0.028717862907797098,0.008739744778722525,0.011034490074962378,0.020702207926660776,0.39543773910374763,0.6934719212136665,0.8467048710601719,0.8457562299996324,0.39188084302606985,0.7024915540540541,0.8474212034383954,0.8463964676097241,0.39758991157143336,0.6870059918408975,0.8502865329512894,0.8264807167285954,0.3931365271721726,0.6996350713921469,0.8481375358166189,0.8319810545115336
AMG,2,first,post_exhibition,170,3866,655,1396,0.11717537506466633,0.09312977099236641,0.1353868194842407,0.07908261667943589,0.07627593280833996,0.07460829020098635,0.07620153157336802,flaml,0.10500350499564876,0.10371353873683874,0.1036304222870548,0.1031101293553928,ebm,lgbm,2.127574420068413,4.360779920592904,8.008577494882047,8.331674164161086,0.029847188852727413,0.008203663397580385,0.011307261418551207,0.020983614027500153,0.35689883242394943,0.7440941947984201,0.8674785100286533,0.10527640750930173,0.3477730101058599,0.7516252197279537,0.8703438395415473,0.10897412294117827,0.3469796238531419,0.7523134449397912,0.8667621776504298,0.11772401119008959,0.344991552911864,0.7533479745575851,0.8681948424068768,0.12523213794448937
AMG,2,top2,post_exhibition,170,3866,655,1396,0.3660113812726332,0.3648854961832061,0.37320916905444124,0.2162072133644723,0.214846135320403,0.21400502800775836,0.21506866962327684,flaml,0.2107265108790684,0.20722642119803195,0.21176465416332146,0.20664139625751904,ebm,lgbm,2.1680652531795204,4.358734796289355,5.053451814688742,8.843961941078305,0.0291087469086051,0.007976904045790434,0.010022042784839869,0.020795293617993593,0.6094087578219601,0.6938612558267068,0.663323782234957,0.3612042764428572,0.6005835213838635,0.7025434603783932,0.6776504297994269,0.3694406558992495,0.6112111283172273,0.6861354537976418,0.6554441260744985,0.37308642622102633,0.5995764766164082,0.700586783657801,0.6697707736389685,0.37349886828293405
AMG,2,top3,post_exhibition,170,3866,655,1396,0.5463010863942059,0.5389312977099237,0.5565902578796562,0.22181106415502233,0.22360289264183697,0.2221780598713688,0.21947734854429607,ebm,0.21614338459530835,0.2154065298502788,0.2177863745165734,0.2126693609627,ebm,lgbm,2.043942229822278,4.329287368804216,11.551308886148036,8.423359092790633,0.028719161171466112,0.008866764605045319,0.003807141911238432,0.020786736626178026,0.6210883461581433,0.7020498458301366,0.6511461318051576,0.5540828195714724,0.6188908359961,0.7041560369508673,0.6540114613180515,0.5522521905921308,0.6251201523639949,0.698542299511605,0.6468481375358166,0.5508546691934109,0.612999339535315,0.7133791996473741,0.6626074498567335,0.5508554284849623
AMG,3,first,post_exhibition,170,3866,655,1396,0.11976202793585101,0.09770992366412214,0.11461318051575932,0.08377203328490919,0.08251497098646761,0.08123320901669029,0.08347918987503149,flaml,0.09054480536688544,0.0890247601269314,0.09350926758835314,0.09004887432339498,catboost,lgbm,2.0844532819464803,4.368211362976581,7.270962669048458,8.843025160953403,0.030538175255060196,0.006285279989242554,0.003982291091233492,0.021039163693785667,0.31100792410837264,0.7623533576051779,0.8832378223495702,0.10292915201967863,0.3061993490147399,0.76572107605178,0.8889684813753582,0.10623112245675798,0.32037344144399105,0.750927892394822,0.8882521489971347,0.11664919828082776,0.31071854226080203,0.7548897653721682,0.8889684813753582,0.12219931137483935
AMG,3,top2,post_exhibition,170,3866,655,1396,0.3419555095706156,0.3251908396946565,0.3166189111747851,0.20028151379104875,0.1964887314103489,0.19577788644761562,0.19424388271752413,ebm,0.1954504553958321,0.19312196726738623,0.1932698915777806,0.19007123751564703,ebm,lgbm,2.0172550077550113,4.330644602421671,5.246299078222364,8.941505397669971,0.029650473967194557,0.01033557578921318,0.011394549161195755,0.020692889112979174,0.5766010201448659,0.6914823984746293,0.7091690544412608,0.3375478266412972,0.5713888192967351,0.6966191411252455,0.7084527220630372,0.3342202934309497,0.5719017947659933,0.6988317823500954,0.7220630372492837,0.3458985640187315,0.5633093210021913,0.7113605964882325,0.7249283667621776,0.3440096656224011
AMG,3,top3,post_exhibition,170,3866,655,1396,0.5488877392653906,0.5251908396946565,0.5265042979942693,0.22187056702303345,0.22234778992044626,0.21934553801567688,0.22216278053143237,flaml,0.22039373702731913,0.2207844305846347,0.22009655596172786,0.21584757781405942,ebm,lgbm,1.9889787873253226,4.317226467188448,4.985547645017505,8.466271677985787,0.02862056903541088,0.009062976110726595,0.0038489880971610546,0.02056185668334365,0.631850719834705,0.7003344756964813,0.6475644699140402,0.5558705082542836,0.6325279302640292,0.6991818209886074,0.6396848137535817,0.5569639103364512,0.6306572975725898,0.7016116582790454,0.6475644699140402,0.552435434559751,0.6217367246714897,0.7150678728374861,0.6432664756446992,0.5515656452055406
AMG,4,first,post_exhibition,170,3866,655,1396,0.09906880496637352,0.11450381679389313,0.09169054441260745,0.10106116794652788,0.1000232024775064,0.09589799504623721,0.09997356458951863,flaml,0.07846389242216495,0.0760429467560395,0.07813696887958414,0.07650398004576425,catboost,lgbm,2.123267896939069,4.3362187230959535,3.7812335561029613,8.798113177064806,0.02944124210625887,0.00894160382449627,0.00391091825440526,0.021097196731716394,0.2869563146599187,0.7062056388012617,0.9061604584527221,0.07419608746946604,0.27230208217351076,0.7409490832018928,0.9083094555873925,0.0811201634873882,0.2795385911978835,0.7268551606861199,0.9075931232091691,0.09899724547529375,0.27137690558089284,0.7486137125394322,0.910458452722063,0.09623121885040946
AMG,4,top2,post_exhibition,170,3866,655,1396,0.2721158820486291,0.26259541984732826,0.2822349570200573,0.19476135114180096,0.19070788251103857,0.18705313356903364,0.18976783184320425,flaml,0.18642272443619498,0.18534164880670181,0.18833476443189237,0.1838915679281729,ebm,xgboost,2.01579298870638,4.32890953682363,5.094886906910688,8.733347143046558,0.028951832093298435,0.007641355041414499,0.0033649997785687447,0.021024568937718868,0.5573867611208504,0.682804441877666,0.7292263610315186,0.27116086341297785,0.5548159149877898,0.6828500359686717,0.7342406876790831,0.26689187647381957,0.5610370572730154,0.6937457572165314,0.7213467048710601,0.2846129834651947,0.5493964728206195,0.6893193308813844,0.7256446991404012,0.27885063992093745
AMG,4,top3,post_exhibition,170,3866,655,1396,0.48939472322814276,0.4732824427480916,0.5035816618911175,0.24457319412880993,0.23969775077979394,0.23456840811562807,0.23772647929987964,flaml,0.21856679923956635,0.2168791752051372,0.2208760746325706,0.21137930502119662,ebm,xgboost,2.0674963290803134,4.3839151118882,6.0509063778445125,8.76061946991831,0.02885796409100294,0.009060194250196218,0.0038572666235268116,0.020822957158088684,0.6273465379127576,0.7065575486628118,0.6532951289398281,0.49182742139408675,0.6232982461889874,0.7091767091767092,0.6575931232091691,0.49175267669662515,0.6330066060659001,0.7050344945081786,0.6497134670487106,0.4955843985080719,0.61029181283177,0.7257188836136205,0.6640401146131805,0.4927650017622701
AMG,5,first,post_exhibition,170,3866,655,1396,0.05845835488877393,0.059541984732824425,0.04799426934097421,0.05672170569434948,0.055927727544662686,0.05539886298933263,0.054079154579116585,ebm,0.04486905119068118,0.04459172661187876,0.04432717774247441,0.043555939097412705,ebm,lgbm,2.128625233657658,4.278514125850052,5.987264174968004,8.136519877705723,0.030085636768490076,0.008425990119576454,0.004523169714957476,0.020935536827892065,0.19106262912215147,0.6525049695091136,0.9505730659025788,0.036405889742113166,0.18509417912693962,0.6538638635266106,0.9520057306590258,0.0484982989235046,0.18191336154975712,0.6758420089170402,0.9512893982808023,0.0591697993829571,0.1787655730095385,0.7009085498017812,0.9520057306590258,0.059590115386348196
AMG,5,top2,post_exhibition,170,3866,655,1396,0.18727366787377134,0.22748091603053436,0.1826647564469914,0.17030314900611798,0.17037058752668402,0.16763912940845727,0.1657884352774805,ebm,0.1430195459405692,0.14317506829703078,0.14287734790135512,0.14150805444777242,ebm,xgboost,2.009371815249324,4.316910061985254,7.826773088891059,8.807452606037259,0.028701510280370712,0.007323925849050283,0.003482706844806671,0.020624937023967505,0.460261343225031,0.6412538021343506,0.8223495702005731,0.17605211086073627,0.45795309032537557,0.6477324672200169,0.8151862464183381,0.17214240241159265,0.4571262498406697,0.6383873794916739,0.8173352435530086,0.20378725230693817,0.45128989870989394,0.6530975580416215,0.8159025787965616,0.18793014136439554
AMG,5,top3,post_exhibition,170,3866,655,1396,0.3605794102431454,0.4259541984732824,0.35959885386819485,0.2366214175709266,0.22917301878240745,0.230696797402964,0.2267956107097195,ebm,0.21423609714574834,0.21124224288317733,0.21583689732876055,0.210084963968356,ebm,lgbm,2.055171685293317,4.364924271125346,6.277459497563541,8.52971991430968,0.04157110210508108,0.007723551243543625,0.0037150452844798565,0.021158347837626934,0.6180159002382889,0.6596566753121741,0.6747851002865329,0.36364296945392177,0.6109618924504121,0.6692803729154969,0.6776504297994269,0.36092689417750434,0.6211866306778583,0.6518523222546057,0.6583094555873925,0.3727277183788454,0.6082037621081309,0.6728076508284535,0.6797994269340975,0.3667083346376802
AMG,6,first,post_exhibition,170,3866,655,1396,0.019141231246766685,0.021374045801526718,0.011461318051575931,0.021269371031823584,0.020832723032611293,0.020895411108592297,0.020203781030392148,ebm,0.010845232596977023,0.010880423507036649,0.011176543020657357,0.010848255077521596,hgb,lgbm,2.284144945908338,4.25012438185513,6.814117239322513,8.56576480763033,0.030400088988244534,0.008699572645127773,0.011048757936805487,0.022024286910891533,0.06270939653881277,0.7577445652173913,0.9885386819484241,0.00376716664968277,0.05401523663898767,0.8417572463768116,0.9885386819484241,0.01349620157647821,0.05872516462670562,0.7829710144927536,0.9885386819484241,0.016240180505429472,0.05516397592865344,0.8080615942028985,0.9885386819484241,0.017487116540226787
AMG,6,top2,post_exhibition,170,3866,655,1396,0.08458354888773927,0.07022900763358779,0.07736389684813753,0.06481186204007497,0.06260797126969839,0.06313227388238009,0.064110844715145,catboost,0.06812910332988503,0.06649741660413132,0.06816929521375507,0.06582036128183502,ebm,lgbm,2.1734561645425856,4.294752580113709,4.767678197007626,8.540093353949487,0.029833044856786728,0.007504538632929325,0.010812121909111738,0.021156806033104658,0.25102281083540834,0.742466068553025,0.923352435530086,0.060229895305106605,0.2411698463158137,0.7600140901771336,0.9226361031518625,0.06741019496760947,0.25256798787755474,0.7390261962272832,0.9226361031518625,0.08042877139140715,0.2373400026828818,0.7669441568898091,0.923352435530086,0.07896304340905438
AMG,6,top3,post_exhibition,170,3866,655,1396,0.22503879979306776,0.1969465648854962,0.20415472779369628,0.15503757158144107,0.1521056505327225,0.14892747394972777,0.1551297551952529,flaml,0.14772604367253894,0.14577337639897658,0.14809251772570856,0.1484474235031271,catboost,xgboost,2.0383168649859726,4.315679959021509,14.064240825828165,8.724759402219206,0.028939958196133375,0.006978369317948818,0.004194103181362152,0.02097614575177431,0.45832369490251224,0.7196330159331723,0.7944126074498568,0.20448480024404603,0.4559026354983907,0.71840447202615,0.7994269340974212,0.20593156845804494,0.464516224095708,0.7177128239139704,0.7958452722063037,0.224924236536026,0.4603895706710694,0.7137050547159979,0.7929799426934098,0.21693246157323492
