place,course,target,feature_set,feature_count,train_n,valid_n,test_n,train_positive_rate,valid_positive_rate,test_positive_rate,valid_hgb_brier,valid_catboost_brier,valid_flaml_brier,valid_ebm_brier,valid_tabdpt_turbo_brier,valid_autogluon_brier,valid_ngboost_brier,test_hgb_brier,test_catboost_brier,test_flaml_brier,test_ebm_brier,test_tabdpt_turbo_brier,test_autogluon_brier,test_ngboost_brier,valid_winner,test_winner,autogluon_final_model,autogluon_composition,autogluon_disk_bytes,autogluon_fit_seconds,autogluon_predict_seconds,ngboost_fit_seconds,ngboost_predict_seconds,rss_kb_after_case,test_hgb_log_loss,test_hgb_auc,test_hgb_accuracy_0_5,test_hgb_probability_mean,test_catboost_log_loss,test_catboost_auc,test_catboost_accuracy_0_5,test_catboost_probability_mean,test_flaml_log_loss,test_flaml_auc,test_flaml_accuracy_0_5,test_flaml_probability_mean,test_ebm_log_loss,test_ebm_auc,test_ebm_accuracy_0_5,test_ebm_probability_mean,test_tabdpt_turbo_log_loss,test_tabdpt_turbo_auc,test_tabdpt_turbo_accuracy_0_5,test_tabdpt_turbo_probability_mean,test_autogluon_log_loss,test_autogluon_auc,test_autogluon_accuracy_0_5,test_autogluon_probability_mean,test_ngboost_log_loss,test_ngboost_auc,test_ngboost_accuracy_0_5,test_ngboost_probability_mean,hgb_fit_seconds,hgb_predict_seconds,catboost_fit_seconds,catboost_predict_seconds,flaml_fit_seconds,flaml_predict_seconds,ebm_fit_seconds,ebm_predict_seconds,tabdpt_turbo_fit_seconds,tabdpt_turbo_predict_seconds
ASY,1,first,post_exhibition_170_input,170,3500,1148,1268,0.5957142857142858,0.6088850174216028,0.6033123028391167,0.21900093458121256,0.216457074132026,0.21529179038872814,0.21487004354103958,0.2172879588391671,0.21499384566750318,0.2166665975819838,0.22328653214321192,0.2247273323537626,0.22041940497284415,0.22080960980840658,0.222471023208104,0.22150309272305654,0.22165566408884696,ebm,flaml,WeightedEnsemble_L2,LightGBM+RandomForest+CatBoost,66892739,21.789438414387405,0.3407255192287266,20.658730518072844,0.406379378400743,1145868,0.6425230473958218,0.6621577723203264,0.6585173501577287,0.5932695000570608,0.6438587163979744,0.6534986161462597,0.6419558359621451,0.5931665853530238,0.632096349983293,0.6608401876323757,0.6553627760252366,0.5883049511145426,0.6348055085931847,0.6611312517054535,0.6577287066246057,0.5898677100704532,0.6378486076507446,0.6524565028131863,0.6577287066246057,0.5987633466720581,0.6343826431086028,0.65653659740901,0.6529968454258676,0.5878351719856074,0.6356358816661842,0.6542340726880548,0.6537854889589906,0.5945463370065324,2.0292158257216215,0.03558089304715395,4.510665602050722,0.008087750989943743,7.040423749014735,0.006152427289634943,10.557628736365587,0.0235159108415246,0.08782966015860438,36.7031961530447
ASY,1,top2,post_exhibition_170_input,170,3500,1148,1268,0.7605714285714286,0.759581881533101,0.7563091482649842,0.16732552871265505,0.16590495209453707,0.16344941180755138,0.17119677518078255,0.1681804284788424,0.162280487613911,0.16404246876599493,0.17376148776796774,0.172763294012113,0.17377715275541147,0.1766735440614557,0.17378918087567072,0.1714075551405879,0.17343883511781813,autogluon,autogluon,WeightedEnsemble_L2,LightGBM+RandomForest+CatBoost+XGBoost,57238325,22.08088156208396,0.3899983372539282,33.13901362475008,0.6589794596657157,1181128,0.5337385834657187,0.6566069699086494,0.7563091482649842,0.7770212178994085,0.5292592760031993,0.659657612602124,0.7626182965299685,0.7755408643929073,0.5298891742851235,0.6456698759157833,0.7578864353312302,0.7646842321773257,0.5397113901334705,0.654200876722314,0.7618296529968455,0.7603155097656944,0.5289653696711307,0.6548690484626989,0.7555205047318612,0.769127368927002,0.5231606515619192,0.6641154654761061,0.7602523659305994,0.7686941029521569,0.5295807872759355,0.65805467534615,0.7563091482649842,0.7922008517694723,2.0781096550635993,0.0355617543682456,4.502330809831619,0.010860892944037914,4.8770936001092196,0.005120154935866594,9.567782332189381,0.024074082262814045,0.06078510405495763,36.672792837023735
ASY,1,top3,post_exhibition_170_input,170,3500,1148,1268,0.844,0.8405923344947736,0.8343848580441641,0.12578270901917651,0.12301542997257066,0.12136742681653855,0.12184564724823295,0.12572936652453973,0.12106131090272176,0.12283820738001663,0.1320150619204902,0.13245063595763645,0.13073042308588947,0.13277634447951878,0.13281404015554438,0.13122959510759194,0.13323658080047707,autogluon,flaml,WeightedEnsemble_L2,LightGBM+RandomForest+CatBoost,47039614,22.41492009209469,0.3363621551543474,32.44186422415078,0.6448233751580119,1185212,0.4364703804707943,0.6650283553875236,0.8367507886435331,0.8661541760561406,0.4338741060121283,0.6542533081285444,0.832018927444795,0.8620511377876707,0.424671127854326,0.6633180304257809,0.8359621451104101,0.8446843028068542,0.43199681257539724,0.6548474210099918,0.832807570977918,0.8444660026756009,0.4311870782244604,0.6516653164101179,0.832807570977918,0.8480297923088074,0.4270630289078108,0.658938698352687,0.833596214511041,0.8534842656002812,0.43613884066060093,0.6542533081285444,0.833596214511041,0.8748747070549233,2.084081365726888,0.0353984571993351,4.461773883085698,0.008348721079528332,14.362614799756557,0.00404195673763752,8.57802952080965,0.023818457033485174,0.0574777047149837,36.88527813507244
ASY,2,first,post_exhibition_170_input,170,3500,1148,1268,0.09714285714285714,0.10365853658536585,0.09779179810725552,0.08527114923312762,0.08286687121087406,0.08333054927944757,0.083845292594073,0.0841834275537042,0.082636673426173,0.08490174765256263,0.08273052975795658,0.08090964786750911,0.0805853628427296,0.08073520983285769,0.08190862806152725,0.08029686301951976,0.0819907345396956,autogluon,autogluon,WeightedEnsemble_L2,CatBoost+ExtraTrees+XGBoost,35927026,20.169301009736955,0.36928683472797275,23.69008774496615,0.4726975276134908,1186904,0.29681908482284497,0.7369938529212723,0.8990536277602523,0.07130197634882686,0.2862934514322387,0.7419848296864427,0.9006309148264984,0.08394504796448327,0.2838138277648397,0.7623540773742387,0.9022082018927445,0.09408588048335685,0.2843440611668629,0.7444098240469208,0.9006309148264984,0.0922629174881762,0.2885219059660341,0.7437471802391157,0.9014195583596214,0.10888681560754776,0.2818196956280252,0.7686668170539139,0.9014195583596214,0.09535743944105995,0.2859421402801252,0.7699110365441011,0.9022082018927445,0.07345079555045735,2.198668295983225,0.03656488563865423,4.471066392958164,0.0083496137522161,4.77821755874902,0.016456083860248327,8.98423546180129,0.023905961774289608,0.0580666889436543,36.70530996005982
ASY,2,top2,post_exhibition_170_input,170,3500,1148,1268,0.3274285714285714,0.3318815331010453,0.34936908517350157,0.20853464364105465,0.20489907349987413,0.2051549146866527,0.20431142179689118,0.20908802697151235,0.20288680281654278,0.20802045566770508,0.2160261152087542,0.21391348184947548,0.2118870928858134,0.21354431373937338,0.2140352193982667,0.21178352739154366,0.21355738660141552,autogluon,autogluon,WeightedEnsemble_L2,CatBoost+ExtraTrees,64201987,21.493686483241618,0.33664591005072,21.728844169992954,0.4320577629841864,1194156,0.6236947528263965,0.6528928107257678,0.6640378548895899,0.32419755745442863,0.6194741265256156,0.6513359326903345,0.6703470031545742,0.3194756458426421,0.6124964084360692,0.6547999179150421,0.6735015772870663,0.33126938828441976,0.6182594575440435,0.655358095628976,0.6711356466876972,0.3347824539248134,0.617827038594165,0.6460715507216634,0.6640378548895899,0.3400281071662903,0.6121856610559141,0.6586798002599357,0.6727129337539433,0.32759145748352025,0.6193495195153216,0.6508379506122168,0.668769716088328,0.3144258210228805,2.053525567986071,0.034932001028209925,4.516888989135623,0.011711383238434792,4.51878482894972,0.00421971594914794,8.599848937243223,0.023466454818844795,0.05723448097705841,36.444428618997335
ASY,2,top3,post_exhibition_170_input,170,3500,1148,1268,0.5162857142857142,0.5426829268292683,0.5488958990536278,0.23865172289292835,0.2357286890230477,0.2316396571461518,0.23212029409690996,0.23314477094235606,0.23018692566518678,0.2313346141747922,0.24219145489842944,0.23713589417290104,0.23600452230776378,0.23512854838837247,0.2395302977203006,0.23307777647176914,0.23647679050193465,autogluon,autogluon,WeightedEnsemble_L2,LightGBM+CatBoost+ExtraTrees+XGBoost,69294443,20.885398637037724,0.4346003020182252,25.986141093075275,0.5179087319411337,1206912,0.6800330418624465,0.6265573506952817,0.5843848580441641,0.5268385587942759,0.6681234335096444,0.6384107989711438,0.6041009463722398,0.5253027160540342,0.6642786602756712,0.6306240454947352,0.5970031545741324,0.5229121765403434,0.6631236161309118,0.6404177718832891,0.6072555205047319,0.5238792056649124,0.6722193169899625,0.6145506792058517,0.5883280757097792,0.5281890034675598,0.6582209750997258,0.6432662165420786,0.6048895899053628,0.5265750087069037,0.6662595154505783,0.6351051965276102,0.5977917981072555,0.5282439605840616,2.0495174913667142,0.03505665296688676,4.484907661098987,0.007941626943647861,4.079435416031629,0.007249786052852869,8.68536026822403,0.023390264715999365,0.05883263610303402,36.98815213795751
ASY,3,first,post_exhibition_170_input,170,3500,1148,1268,0.10971428571428571,0.10278745644599303,0.10725552050473186,0.09286148993624486,0.09179495026488461,0.08819999173768546,0.09338481478736012,0.08996028506413224,0.08798586908871336,0.08838624400658758,0.09427484076295722,0.09025425811007738,0.09161139258077679,0.0937950359292693,0.09132685127548934,0.09161744764086872,0.09070315532708136,autogluon,catboost,WeightedEnsemble_L2,LightGBM+CatBoost,38556181,19.580638023093343,0.10079101985320449,17.748569332063198,0.3533606380224228,1207188,0.3443867999011749,0.6498194242361255,0.8903785488958991,0.08378367781935693,0.3188696039039764,0.6888575659945958,0.8935331230283912,0.0928703874493602,0.32283411564960995,0.6715956921637913,0.8927444794952681,0.1071020144160226,0.327943987443293,0.6764705882352942,0.8903785488958991,0.10818686320722194,0.32065654363951385,0.6824204946996468,0.8927444794952681,0.11722509562969208,0.32156439100474643,0.6777891810434422,0.8927444794952681,0.10493598047831927,0.3175963620342002,0.697493374558304,0.8927444794952681,0.08961874445068087,2.1168524120002985,0.0364448931068182,4.454722844995558,0.008152652997523546,5.289360783994198,0.011771341785788536,8.962782534305006,0.023819277994334698,0.057079503778368235,36.8468699818477
ASY,3,top2,post_exhibition_170_input,170,3500,1148,1268,0.3402857142857143,0.33885017421602787,0.3249211356466877,0.2165763280349282,0.21089253554465132,0.20741450261231473,0.20882629717378745,0.2113225409275916,0.20772683439555056,0.2090063327118035,0.20674238718584748,0.20647116194181303,0.20199234410020364,0.20520370903204455,0.210017403703904,0.20170919750471833,0.20404516913537368,flaml,autogluon,WeightedEnsemble_L2,RandomForest+CatBoost+ExtraTrees,65665365,20.73497915500775,0.6273399209603667,19.18501856504008,0.38168715592473745,1229896,0.6011242977636261,0.6543984211958986,0.668769716088328,0.33034008323357605,0.5997547863824718,0.6515374058615371,0.6805993690851735,0.3274127386224499,0.5909373936437665,0.6730602372742945,0.6861198738170347,0.3348912298679352,0.5973961189768191,0.6592102576898649,0.6790220820189274,0.33523674880968346,0.6094218373742061,0.6283402141366482,0.6813880126182965,0.34475526213645935,0.590259007537565,0.6803772343707468,0.6987381703470031,0.3408385890915003,0.5963147531488212,0.6620429180655113,0.6861198738170347,0.3220191828547303,2.0306661250069737,0.03509178012609482,4.4753628629259765,0.011625264305621386,7.73364834766835,0.00506456196308136,8.680166639853269,0.02399175288155675,0.057122877798974514,36.57246455317363
ASY,3,top3,post_exhibition_170_input,170,3500,1148,1268,0.5337142857142857,0.5348432055749129,0.5078864353312302,0.23991373887440837,0.2378251575182562,0.23313697731942482,0.23096070038923713,0.23564450565613873,0.23006764417442646,0.23313076722320578,0.2301708418463994,0.2308896975550378,0.2303383088826617,0.22769423985095244,0.23482523911962286,0.22796229726687842,0.22863476282107212,autogluon,ebm,WeightedEnsemble_L2,RandomForest+CatBoost,69996350,21.348579524084926,0.3382189660333097,15.70531213702634,0.3110903133638203,1210436,0.6515681839844447,0.6654323936932631,0.6072555205047319,0.5347337063623553,0.6545024529512284,0.6661814182194616,0.6261829652996845,0.5381158357605674,0.6528900725943659,0.6724585423634337,0.6230283911671924,0.5278841853141785,0.6466683975303781,0.6738707397674789,0.6246056782334385,0.531625063002307,0.6617018743453594,0.6408215878324575,0.6056782334384858,0.5407888889312744,0.6475913949052201,0.6779020345596433,0.6277602523659306,0.5289124434913747,0.6490170551230632,0.6735248447204969,0.6214511041009464,0.5308240259131404,2.0388607047498226,0.03496531909331679,4.520842171739787,0.008460331242531538,7.205631681717932,0.004431118257343769,8.476535631809384,0.02332163229584694,0.0782100479118526,36.60723461722955
ASY,4,first,post_exhibition_170_input,170,3500,1148,1268,0.11314285714285714,0.09930313588850175,0.1056782334384858,0.0870005936541557,0.08453712097072631,0.08436061547747462,0.08634092322852174,0.086900104790967,0.0829928872757632,0.08499760968787155,0.09757035246015532,0.0946879126938924,0.09382094568607299,0.09391764580721122,0.09349983112645212,0.09285901533094752,0.09251668625234587,autogluon,ngboost,WeightedEnsemble_L2,CatBoost+ExtraTrees+XGBoost,40362516,23.156508220359683,0.3610477140173316,23.018969531171024,0.4560194821096957,1211788,0.355212862635014,0.5989299534075653,0.88801261829653,0.09110381977539005,0.3385380204186563,0.6138158414277817,0.8927444794952681,0.09767726517236151,0.3301894388727077,0.6360854457869384,0.8943217665615142,0.1141590029001236,0.3326937542789678,0.6370133459685698,0.8919558359621451,0.1145005240592367,0.33231167625541913,0.6150530416699571,0.8943217665615142,0.11941798776388168,0.3281557706346463,0.6418634341519913,0.8935331230283912,0.10390572667956258,0.3295040562668811,0.6417186554002474,0.8943217665615142,0.09442911948490305,2.308034711983055,0.03591960994526744,4.449678512755781,0.008875335101038218,11.242473100777715,0.0049149771220982075,8.728478393051773,0.02404587296769023,0.05662869708612561,36.850965281017125
ASY,4,top2,post_exhibition_170_input,170,3500,1148,1268,0.292,0.2787456445993031,0.2823343848580442,0.18584285666278327,0.18572061750401986,0.18153217378006686,0.18684655408728423,0.1863819185189282,0.18153036407186554,0.18375522536833336,0.19505172242249388,0.19312616098337393,0.19179341049980833,0.1938768634853212,0.19152875703886477,0.18967337874132434,0.18919904082063427,autogluon,ngboost,WeightedEnsemble_L2,LightGBM+CatBoost+XGBoost,62028371,21.859290780033916,0.12813034001737833,29.612349616829306,0.5891259908676147,1211040,0.5761783048292214,0.6468506353981214,0.7066246056782335,0.2952040405062096,0.5725284436890486,0.6449628583706797,0.7137223974763407,0.28299064211288544,0.5687517642741154,0.648971698692369,0.7192429022082019,0.294818809752031,0.5747717875982948,0.6477070415617903,0.7168769716088328,0.30034232068894995,0.568547401317561,0.6554024188102401,0.7216088328075709,0.31052592396736145,0.5631390153553667,0.6628430228988889,0.7239747634069401,0.28754436510265435,0.561820941592507,0.6600558659217878,0.7247634069400631,0.2738700108053672,2.0205101617611945,0.03523188503459096,4.558377089444548,0.013441331218928099,4.90980114787817,0.005522243212908506,8.824336854275316,0.024333578068763018,0.05717778718098998,36.74583742581308
ASY,4,top3,post_exhibition_170_input,170,3500,1148,1268,0.48142857142857143,0.48519163763066203,0.472397476340694,0.22678400024227358,0.22318469607902183,0.22592891644837132,0.23404074075156125,0.22974379731008338,0.2248477993087311,0.22570572190208021,0.23601888673352028,0.22844637330060982,0.2305258149907303,0.23311240353510854,0.2321980246893016,0.22742406011774974,0.22876685785572246,catboost,autogluon,WeightedEnsemble_L2,LightGBM+RandomForest+CatBoost+XGBoost,69304885,22.01902844570577,0.3895658361725509,35.96306629991159,0.7159891971386969,1212088,0.6646725747181632,0.6450711325053464,0.5993690851735016,0.49473682174456,0.6490868838047615,0.6693642368571435,0.611198738170347,0.4935056585716982,0.6529634888315925,0.6598815664373358,0.611198738170347,0.4990221115958266,0.6586401278136671,0.6530240984600642,0.5985804416403786,0.4940832459957719,0.656407502996622,0.6536155176415102,0.6033123028391167,0.502385139465332,0.6460308586285219,0.6697959479052034,0.6253943217665615,0.49195610392215877,0.6483902680438717,0.6648799319244082,0.6080441640378549,0.49272788346084395,2.3036099150776863,0.035678465850651264,4.480234653688967,0.008325805887579918,5.272681832779199,0.004389935173094273,9.27640831982717,0.023858353029936552,0.057853165082633495,36.72461201809347
ASY,5,first,post_exhibition_170_input,170,3500,1148,1268,0.06085714285714286,0.06707317073170732,0.06624605678233439,0.06473083188733184,0.062219265957695453,0.06060480880899704,0.062359384153095984,0.06229974384839096,0.06111814641345249,0.061890340511063506,0.06315085216253236,0.06132682409643907,0.06231534129258481,0.060611442529619496,0.06180192362089695,0.06110121740208422,0.06170417760138618,flaml,ebm,WeightedEnsemble_L2,RandomForest+CatBoost+ExtraTrees,29073646,18.180226167663932,0.5643063890747726,14.679730908945203,0.2938535618595779,1211488,0.27133397076814525,0.5909045205920206,0.9337539432176656,0.034446995020869176,0.24238098717677473,0.6247787966537965,0.9337539432176656,0.04742030567570792,0.24440131590434108,0.582810489060489,0.9337539432176656,0.06317579874033737,0.2386613024767451,0.6299268018018018,0.9337539432176656,0.060907012345088725,0.24321387292573318,0.5483429858429858,0.9337539432176656,0.06582056730985641,0.23861307161737919,0.6067607786357786,0.9337539432176656,0.0690322811788753,0.2437646058572136,0.5896225466537965,0.9337539432176656,0.05083398964230156,2.1496552717871964,0.037052450235933065,4.457107165828347,0.007580437231808901,3.654757684096694,0.009128668811172247,8.583705914206803,0.024347421247512102,0.057138207368552685,36.53224790189415
ASY,5,top2,post_exhibition_170_input,170,3500,1148,1268,0.1997142857142857,0.21428571428571427,0.20504731861198738,0.17011395372024393,0.16667259202752635,0.16196867827413713,0.16535893857412268,0.1646791127871593,0.16227453459681146,0.1642113497271287,0.16374355055697074,0.15901205513379393,0.1571130741305043,0.1594175475979781,0.1601683707523247,0.15744121876961506,0.1592535425853409,flaml,flaml,WeightedEnsemble_L2,LightGBM+RandomForest+CatBoost+ExtraTrees,53792715,19.89627905515954,0.6133613442070782,16.411967230029404,0.32938786409795284,1211656,0.5123941070305184,0.5913308913308913,0.7933753943217665,0.18559059513320866,0.49818657152349294,0.6065438034188034,0.7988958990536278,0.18558146492208086,0.490320572588565,0.626016865079365,0.7973186119873817,0.2014678962376205,0.5010675026174882,0.5941849816849817,0.7973186119873817,0.20416168228194007,0.4991353043981787,0.5869848901098902,0.7949526813880127,0.2058745175600052,0.49114789742761716,0.6253853785103785,0.7949526813880127,0.2073797087775608,0.49695124122135864,0.6153540903540903,0.7941640378548895,0.18912423844312062,2.06592556880787,0.03738905722275376,4.564810738898814,0.00701599707826972,4.2663749302737415,0.003729014191776514,8.607563280966133,0.023924374021589756,0.05705660581588745,36.266838557086885
ASY,5,top3,post_exhibition_170_input,170,3500,1148,1268,0.3977142857142857,0.38501742160278746,0.4108832807570978,0.2292676459886905,0.23145718902688436,0.22915684206530948,0.22862573887550008,0.22974628592414914,0.22651272177036857,0.22819846307156808,0.23263219472411525,0.2313933009706573,0.22885256493889802,0.2275791757372504,0.23452718088051408,0.2270021164729597,0.22829564834190874,autogluon,autogluon,WeightedEnsemble_L2,RandomForest+CatBoost,68318000,20.847119989804924,0.33043687511235476,19.817722054198384,0.39234269224107265,1211736,0.6612421051107769,0.6290395105694692,0.6261829652996845,0.3939285489051631,0.6556993553424879,0.6277624894973368,0.6230283911671924,0.38966487847013914,0.6496085177579791,0.6356365962891874,0.6246056782334385,0.39784190655344787,0.647764929458339,0.6434978557865498,0.6253943217665615,0.3991984355952395,0.6615522595526392,0.6023582493762638,0.6001577287066246,0.41359275579452515,0.645797661869852,0.6498495581815427,0.6214511041009464,0.39935557814520617,0.6500243146322724,0.6426704900215063,0.6332807570977917,0.3899000824384697,1.9712509638629854,0.03520120494067669,4.505534706171602,0.00814907206222415,6.912418609019369,0.0083080786280334,8.7085240338929,0.023869803175330162,0.05743417190387845,36.26611958164722
ASY,6,first,post_exhibition_170_input,170,3500,1148,1268,0.023428571428571427,0.018292682926829267,0.01971608832807571,0.017854124207066654,0.0178003163062018,0.016867405002139298,0.017873262407869385,0.018154371706681726,0.017449097741006527,0.017978038352676633,0.019467378422617417,0.019394408952344195,0.019003685131820335,0.019132379503723637,0.019479440010492736,0.019382490919999888,0.01938348116004382,flaml,flaml,WeightedEnsemble_L2,CatBoost+XGBoost,17583097,19.15416233194992,0.08205314027145505,16.62906775576994,0.33258268097415566,1214604,0.11949596448595612,0.6495575221238938,0.9802839116719243,0.0036954470459284244,0.09431750896606658,0.6792598551890587,0.9802839116719243,0.01560077900052198,0.09097753418247786,0.7112308930008044,0.9802839116719243,0.02385477802376036,0.09311062955884895,0.6712791633145616,0.9802839116719243,0.020706186798075364,0.09928778882591209,0.5350281576830249,0.9802839116719243,0.02913997881114483,0.0958662074106923,0.6510378117457762,0.9802839116719243,0.01682577864744345,0.09770747542297213,0.580852775543041,0.9802839116719243,0.013782648948500686,2.2677261605858803,0.03746152017265558,4.392501932103187,0.007980562280863523,3.1420145323500037,0.0037153982557356358,8.710778981912881,0.023923850152641535,0.057473245076835155,38.768634508829564
ASY,6,top2,post_exhibition_170_input,170,3500,1148,1268,0.08,0.07665505226480836,0.08201892744479496,0.06904395031272442,0.0670973131176755,0.06745901139599957,0.06612595862377137,0.06954307586063595,0.06578892730141304,0.0678751644465739,0.07657785671326447,0.07514034430404817,0.07425889831759984,0.07399158016107399,0.07460441007197836,0.0742864514718868,0.07425170185585822,autogluon,ebm,WeightedEnsemble_L2,LightGBM+RandomForest+CatBoost,33413394,21.986257035285234,0.323899501003325,32.9492785288021,0.6526753446087241,1214940,0.29717580939396127,0.652871398361089,0.917981072555205,0.04732271997275167,0.28056512154753876,0.6459820248480043,0.917981072555205,0.06104962790038668,0.2744200818071888,0.6547961274121068,0.916403785488959,0.0733863822300208,0.2726322518068611,0.683196206714248,0.918769716088328,0.0742780272917565,0.2788197749930617,0.6272634152788792,0.917981072555205,0.08094723522663116,0.27442552254411556,0.6699791831879461,0.917981072555205,0.06716414949304368,0.28218181780287016,0.660438144329897,0.917981072555205,0.05984821269518039,2.884652285836637,0.050432109739631414,5.3261614642106,0.010613001883029938,14.462951914872974,0.005038129631429911,8.478565853089094,0.023870987817645073,0.07697178144007921,39.63419023808092
ASY,6,top3,post_exhibition_170_input,170,3500,1148,1268,0.22542857142857142,0.20905923344947736,0.22397476340694006,0.15456732376025875,0.15368659110026917,0.1495493663657226,0.1547819390416787,0.15310266676981618,0.150356346427851,0.15347939226786442,0.16412549096470672,0.16401366533511058,0.1608685914246495,0.1648257582081799,0.16716059016331522,0.1612187333659802,0.16083942635149914,flaml,ngboost,WeightedEnsemble_L2,LightGBM+CatBoost+ExtraTrees,55286392,22.22540468396619,0.3618979579769075,18.10874289786443,0.3596101338043809,1215272,0.504400795754954,0.6789154643306996,0.7697160883280757,0.20649124704329794,0.5019986303936448,0.6755374728043055,0.7712933753943217,0.2052378098140575,0.4931378817726775,0.6859648746135348,0.7720820189274448,0.22103236615657806,0.5053148763371804,0.6672034237948012,0.7705047318611987,0.21504714999894137,0.5130668329845661,0.6382936848734685,0.776813880126183,0.22920747101306915,0.49325550521428047,0.6822218882400091,0.776813880126183,0.21551925156042215,0.4981240351159459,0.6928264199015229,0.776813880126183,0.21128854439383343,2.6375638372264802,0.04554854705929756,5.564437434077263,0.009281652979552746,4.542566814925522,0.004143879283219576,8.942855142056942,0.023769717197865248,0.05712821427732706,36.369620657060295
AMG,1,first,post_exhibition_170_input,170,3866,655,1396,0.5863942058975685,0.6137404580152672,0.5988538681948424,0.2018932593814837,0.2018580673081108,0.19953821498980842,0.20315755624226695,0.204012514479491,0.19824575570127068,0.2005048982128736,0.2117955046026031,0.2120118574334773,0.20867966330103724,0.21077562528929775,0.21137941149936978,0.2075484599609769,0.20800425202857523,autogluon,autogluon,WeightedEnsemble_L2,CatBoost+XGBoost,73126571,21.02497907076031,0.07924678968265653,35.32595488522202,0.5765320118516684,1217228,0.6142493088184507,0.6993036568694464,0.6755014326647565,0.5905439217361468,0.6140337633019425,0.6970864661654136,0.670487106017192,0.5917768791022265,0.6069775507125477,0.7076426862611074,0.6776504297994269,0.5859153380541535,0.6106908783139517,0.7020313568010936,0.6740687679083095,0.5824235703157717,0.6121454235120483,0.7016874572795626,0.6769340974212035,0.5853533148765564,0.6041996315084399,0.7106331168831169,0.6912607449856734,0.5888663496726051,0.6052265131972919,0.7094027682843472,0.6826647564469914,0.5994539824573129,2.0645784162916243,0.02896166779100895,4.323180733714253,0.00810919888317585,6.834689680021256,0.01249300828203559,8.760652394033968,0.02103705983608961,0.06759962625801563,40.98473449703306
AMG,1,top2,post_exhibition_170_input,170,3866,655,1396,0.7480600103466115,0.749618320610687,0.7679083094555874,0.16766484826323835,0.17032626469239345,0.16645334329269773,0.17039589829886334,0.17264671686634156,0.16468093433921488,0.16645050092926383,0.1629737288623616,0.16217165273017534,0.16232937117640456,0.16247585888767577,0.16332658253817153,0.1621799849432323,0.16296531389433497,autogluon,catboost,WeightedEnsemble_L2,LightGBM+CatBoost+ExtraTrees+XGBoost,62934654,24.793260890990496,0.41062231361866,46.47796085104346,0.7707223002798855,1218008,0.5022142500025903,0.689308089183711,0.7614613180515759,0.7643415746205555,0.5008491057507629,0.6844884374424176,0.7750716332378224,0.761720568407798,0.4997629211267776,0.6912212663534181,0.7765042979942693,0.7484793933508613,0.5009093484283942,0.6864232080339046,0.7714899713467048,0.7483310715391183,0.5019055540403142,0.6896247927031509,0.7707736389684814,0.7509258389472961,0.4998313500380244,0.6903157822001107,0.7714899713467048,0.7650527673157034,0.5044383976275042,0.6886487700386954,0.7750716332378224,0.7825544081014063,2.005792514886707,0.0288574006408453,4.301470306701958,0.01084308186545968,6.676619444973767,0.00676028011366725,8.680471064057201,0.02185905771329999,0.06436584098264575,40.92956743109971
AMG,1,top3,post_exhibition_170_input,170,3866,655,1396,0.8285049146404553,0.8381679389312977,0.8481375358166189,0.12223351164784313,0.11689345091381718,0.11938213416486353,0.11821406789297612,0.12179839362212863,0.11620789613818995,0.1203749670670161,0.11934999036548585,0.11942738052111404,0.12073767914371066,0.11976649390269178,0.12002338009904101,0.11765395635331835,0.1190819368802644,autogluon,autogluon,WeightedEnsemble_L2,LightGBM+CatBoost+XGBoost,52962250,23.97543153958395,0.11601944407448173,38.08276732079685,0.6266519320197403,1218232,0.39543773910374763,0.6934719212136665,0.8467048710601719,0.8457562299996324,0.39188084302606985,0.7024915540540541,0.8474212034383954,0.8463964676097241,0.39758991157143336,0.6870059918408975,0.8502865329512894,0.8264807167285954,0.3931365271721726,0.6996350713921469,0.8481375358166189,0.8319810545115336,0.3950132443920598,0.6986908783783783,0.8481375358166189,0.8355957865715027,0.38607926556776706,0.7185747067822541,0.8438395415472779,0.8487511647166017,0.391425759297411,0.7051568077511473,0.8474212034383954,0.8511327320221556,2.2709565861150622,0.028717862907797098,4.3002561326138675,0.008739744778722525,8.232660544104874,0.011034490074962378,8.383169786073267,0.020702207926660776,0.06506148679181933,40.410165356937796
AMG,2,first,post_exhibition_170_input,170,3866,655,1396,0.11717537506466633,0.09312977099236641,0.1353868194842407,0.07908261667943589,0.07627593280833996,0.07460829020098635,0.07620153157336802,0.07952574086645477,0.07368968417016128,0.07523736047481451,0.10500350499564876,0.10371353873683874,0.1036304222870548,0.1031101293553928,0.10670912385555874,0.10671622164902907,0.10662641566193172,autogluon,ebm,WeightedEnsemble_L2,LightGBM+CatBoost+XGBoost,42543455,19.881121608428657,0.11208520783111453,44.83967749495059,0.7600876898504794,1217380,0.35689883242394943,0.7440941947984201,0.8674785100286533,0.10527640750930173,0.3477730101058599,0.7516252197279537,0.8703438395415473,0.10897412294117827,0.3469796238531419,0.7523134449397912,0.8667621776504298,0.11772401119008959,0.344991552911864,0.7533479745575851,0.8681948424068768,0.12523213794448937,0.3557763631044679,0.7331067012094353,0.8646131805157593,0.13203215599060059,0.3556132567162622,0.7472197016521789,0.8653295128939829,0.10662864129803541,0.36603658696686886,0.7335867054176913,0.8674785100286533,0.08988618192328393,2.127574420068413,0.029847188852727413,4.360779920592904,0.008203663397580385,8.008577494882047,0.011307261418551207,8.331674164161086,0.020983614027500153,0.06409832322970033,40.71356015978381
AMG,2,top2,post_exhibition_170_input,170,3866,655,1396,0.3660113812726332,0.3648854961832061,0.37320916905444124,0.2162072133644723,0.214846135320403,0.21400502800775836,0.21506866962327684,0.21402470973694576,0.21064641875730647,0.2133736902174492,0.2107265108790684,0.20722642119803195,0.21176465416332146,0.20664139625751904,0.21280078376570435,0.20538927040869095,0.20561695165575702,autogluon,autogluon,WeightedEnsemble_L2,CatBoost,71775688,20.430830482859164,0.03247885685414076,20.83336767088622,0.3416807381436229,1217736,0.6094087578219601,0.6938612558267068,0.663323782234957,0.3612042764428572,0.6005835213838635,0.7025434603783932,0.6776504297994269,0.3694406558992495,0.6112111283172273,0.6861354537976418,0.6554441260744985,0.37308642622102633,0.5995764766164082,0.700586783657801,0.6697707736389685,0.37349886828293405,0.6140497357763005,0.6764420071291473,0.6597421203438395,0.3835502564907074,0.5970185379643417,0.7066695914450234,0.669054441260745,0.3695037798064742,0.5970075983614792,0.7074417329311764,0.6869627507163324,0.35829201270812555,2.1680652531795204,0.0291087469086051,4.358734796289355,0.007976904045790434,5.053451814688742,0.010022042784839869,8.843961941078305,0.020795293617993593,0.06415362562984228,40.8503559040837
AMG,2,top3,post_exhibition_170_input,170,3866,655,1396,0.5463010863942059,0.5389312977099237,0.5565902578796562,0.22181106415502233,0.22360289264183697,0.2221780598713688,0.21947734854429607,0.22670885915910882,0.21907850631965103,0.22071366914085433,0.21614338459530835,0.2154065298502788,0.2177863745165734,0.2126693609627,0.21998785019327194,0.21437822769803885,0.21455993022670533,autogluon,ebm,WeightedEnsemble_L2,LightGBM+CatBoost+XGBoost,75541387,22.263491285964847,0.11210180586203933,41.353200513869524,0.6816435111686587,1218704,0.6210883461581433,0.7020498458301366,0.6511461318051576,0.5540828195714724,0.6188908359961,0.7041560369508673,0.6540114613180515,0.5522521905921308,0.6251201523639949,0.698542299511605,0.6468481375358166,0.5508546691934109,0.612999339535315,0.7133791996473741,0.6626074498567335,0.5508554284849623,0.6297915312977947,0.6909699914546441,0.6389684813753582,0.5597607493400574,0.6174546051867592,0.7090212760648948,0.6489971346704871,0.5538262203122278,0.6189968363243841,0.709306121260887,0.6511461318051576,0.5619255030554907,2.043942229822278,0.028719161171466112,4.329287368804216,0.008866764605045319,11.551308886148036,0.003807141911238432,8.423359092790633,0.020786736626178026,0.0638122889213264,40.68021285906434
AMG,3,first,post_exhibition_170_input,170,3866,655,1396,0.11976202793585101,0.09770992366412214,0.11461318051575932,0.08377203328490919,0.08251497098646761,0.08123320901669029,0.08347918987503149,0.08547651202542692,0.08105007708177847,0.08273465741610839,0.09054480536688544,0.0890247601269314,0.09350926758835314,0.09004887432339498,0.09122618154417574,0.0899516114659492,0.0918582367543853,autogluon,catboost,WeightedEnsemble_L2,LightGBM+CatBoost+ExtraTrees+XGBoost,43548777,19.19104780908674,0.3830223446711898,21.4873996572569,0.34817166021093726,1218912,0.31100792410837264,0.7623533576051779,0.8832378223495702,0.10292915201967863,0.3061993490147399,0.76572107605178,0.8889684813753582,0.10623112245675798,0.32037344144399105,0.750927892394822,0.8882521489971347,0.11664919828082776,0.31071854226080203,0.7548897653721682,0.8889684813753582,0.12219931137483935,0.31561670411960907,0.7455097087378639,0.8868194842406877,0.1290043443441391,0.30885389526441953,0.7675920307443366,0.8861031518624641,0.11564453756623504,0.31322023486545447,0.7592662823624596,0.8853868194842407,0.10381621359806355,2.0844532819464803,0.030538175255060196,4.368211362976581,0.006285279989242554,7.270962669048458,0.003982291091233492,8.843025160953403,0.021039163693785667,0.06442630803212523,41.218781404197216
AMG,3,top2,post_exhibition_170_input,170,3866,655,1396,0.3419555095706156,0.3251908396946565,0.3166189111747851,0.20028151379104875,0.1964887314103489,0.19577788644761562,0.19424388271752413,0.1984012991521824,0.19256919988807564,0.19506339513636625,0.1954504553958321,0.19312196726738623,0.1932698915777806,0.19007123751564703,0.19668677488356065,0.19314519349444612,0.1912824958438416,autogluon,ebm,WeightedEnsemble_L2,LightGBM+RandomForest+CatBoost+XGBoost,70282078,21.066113353706896,0.37452572537586093,23.911080262158066,0.3946114480495453,1221996,0.5766010201448659,0.6914823984746293,0.7091690544412608,0.3375478266412972,0.5713888192967351,0.6966191411252455,0.7084527220630372,0.3342202934309497,0.5719017947659933,0.6988317823500954,0.7220630372492837,0.3458985640187315,0.5633093210021913,0.7113605964882325,0.7249283667621776,0.3440096656224011,0.5791282763694395,0.6819986339964142,0.7091690544412608,0.34680500626564026,0.5714812324968246,0.7014523274234706,0.7199140401146131,0.34569320913116025,0.5668219564608906,0.7063566597417874,0.7177650429799427,0.33102097184327434,2.0172550077550113,0.029650473967194557,4.330644602421671,0.01033557578921318,5.246299078222364,0.011394549161195755,8.941505397669971,0.020692889112979174,0.0642148032784462,40.57541942363605
AMG,3,top3,post_exhibition_170_input,170,3866,655,1396,0.5488877392653906,0.5251908396946565,0.5265042979942693,0.22187056702303345,0.22234778992044626,0.21934553801567688,0.22216278053143237,0.2252968390424891,0.22007072952377488,0.22354960796276355,0.22039373702731913,0.2207844305846347,0.22009655596172786,0.21584757781405942,0.2231803121450092,0.2185400029086851,0.2180128595510383,flaml,ebm,WeightedEnsemble_L2,RandomForest+CatBoost+XGBoost,75019757,21.95172793790698,0.3634799951687455,26.35101330280304,0.4330382118932903,1223096,0.631850719834705,0.7003344756964813,0.6475644699140402,0.5558705082542836,0.6325279302640292,0.6991818209886074,0.6396848137535817,0.5569639103364512,0.6306572975725898,0.7016116582790454,0.6475644699140402,0.552435434559751,0.6217367246714897,0.7150678728374861,0.6432664756446992,0.5515656452055406,0.6374047228431331,0.6945300359175441,0.6432664756446992,0.5681937336921692,0.6269953529077076,0.7058816264781254,0.6389684813753582,0.5522989664749806,0.6258355045990385,0.7100414749863637,0.6475644699140402,0.5583862389634764,1.9889787873253226,0.02862056903541088,4.317226467188448,0.009062976110726595,4.985547645017505,0.0038489880971610546,8.466271677985787,0.02056185668334365,0.0649414211511612,40.674640126060694
AMG,4,first,post_exhibition_170_input,170,3866,655,1396,0.09906880496637352,0.11450381679389313,0.09169054441260745,0.10106116794652788,0.1000232024775064,0.09589799504623721,0.09997356458951863,0.09792638873771922,0.09725036600137957,0.09824271353038355,0.07846389242216495,0.0760429467560395,0.07813696887958414,0.07650398004576425,0.07865575514801375,0.07726631639905865,0.07853492036869356,flaml,catboost,WeightedEnsemble_L2,RandomForest+CatBoost+ExtraTrees,39558498,18.49695298494771,0.5852554556913674,15.02830567304045,0.24638988683000207,1223008,0.2869563146599187,0.7062056388012617,0.9061604584527221,0.07419608746946604,0.27230208217351076,0.7409490832018928,0.9083094555873925,0.0811201634873882,0.2795385911978835,0.7268551606861199,0.9075931232091691,0.09899724547529375,0.27137690558089284,0.7486137125394322,0.910458452722063,0.09623121885040946,0.282923989708428,0.7142830737381705,0.9083094555873925,0.10467293113470078,0.27696694651277387,0.7399078272870662,0.9083094555873925,0.09912050355033666,0.2833500065481704,0.7015169065457413,0.9083094555873925,0.08898309759315255,2.123267896939069,0.02944124210625887,4.3362187230959535,0.00894160382449627,3.7812335561029613,0.00391091825440526,8.798113177064806,0.021097196731716394,0.06476713996380568,40.136960562784225
AMG,4,top2,post_exhibition_170_input,170,3866,655,1396,0.2721158820486291,0.26259541984732826,0.2822349570200573,0.19476135114180096,0.19070788251103857,0.18705313356903364,0.18976783184320425,0.19394727281871713,0.18413639414483193,0.18768018516714643,0.18642272443619498,0.18534164880670181,0.18833476443189237,0.1838915679281729,0.18727056897128083,0.18186569581695888,0.18264911422508212,autogluon,autogluon,WeightedEnsemble_L2,RandomForest+CatBoost+XGBoost,65171161,19.76319135678932,0.3550503822043538,22.601471287198365,0.3712067031301558,1223140,0.5573867611208504,0.682804441877666,0.7292263610315186,0.27116086341297785,0.5548159149877898,0.6828500359686717,0.7342406876790831,0.26689187647381957,0.5610370572730154,0.6937457572165314,0.7213467048710601,0.2846129834651947,0.5493964728206195,0.6893193308813844,0.7256446991404012,0.27885063992093745,0.5578964959660824,0.6701115535426609,0.7199140401146131,0.28828901052474976,0.5447473583393884,0.703767591720113,0.7335243553008596,0.2811261233753581,0.5462882334507387,0.697723841656788,0.7363896848137536,0.25907132557892926,2.01579298870638,0.028951832093298435,4.32890953682363,0.007641355041414499,5.094886906910688,0.0033649997785687447,8.733347143046558,0.021024568937718868,0.06564864004030824,40.8982937973924
AMG,4,top3,post_exhibition_170_input,170,3866,655,1396,0.48939472322814276,0.4732824427480916,0.5035816618911175,0.24457319412880993,0.23969775077979394,0.23456840811562807,0.23772647929987964,0.244745655791424,0.23506354955828368,0.23653626827557897,0.21856679923956635,0.2168791752051372,0.2208760746325706,0.21137930502119662,0.22012529347399756,0.21991924042870517,0.21620002606689132,flaml,ebm,WeightedEnsemble_L2,CatBoost+ExtraTrees+XGBoost,74855370,18.88726469920948,0.3631017771549523,17.18167393701151,0.2839981224387884,1243160,0.6273465379127576,0.7065575486628118,0.6532951289398281,0.49182742139408675,0.6232982461889874,0.7091767091767092,0.6575931232091691,0.49175267669662515,0.6330066060659001,0.7050344945081786,0.6497134670487106,0.4955843985080719,0.61029181283177,0.7257188836136205,0.6640401146131805,0.4927650017622701,0.6301383590740632,0.6963169594748542,0.6439828080229226,0.5032010078430176,0.6310256033079592,0.7185746922589028,0.6568767908309455,0.4955993645789801,0.6217133728884678,0.7123490544543176,0.6497134670487106,0.4951724416968086,2.0674963290803134,0.02885796409100294,4.3839151118882,0.009060194250196218,6.0509063778445125,0.0038572666235268116,8.76061946991831,0.020822957158088684,0.06393652921542525,40.32663288898766
AMG,5,first,post_exhibition_170_input,170,3866,655,1396,0.05845835488877393,0.059541984732824425,0.04799426934097421,0.05672170569434948,0.055927727544662686,0.05539886298933263,0.054079154579116585,0.05568783528198909,0.054101718875513696,0.05572318775633476,0.04486905119068118,0.04459172661187876,0.04432717774247441,0.043555939097412705,0.04566863284104831,0.04434483052486249,0.04489309899160941,ebm,ebm,WeightedEnsemble_L2,CatBoost+ExtraTrees,30289276,18.956069344189018,0.3057269109413028,11.86349375359714,0.1940023428760469,1223368,0.19106262912215147,0.6525049695091136,0.9505730659025788,0.036405889742113166,0.18509417912693962,0.6538638635266106,0.9520057306590258,0.0484982989235046,0.18191336154975712,0.6758420089170402,0.9512893982808023,0.0591697993829571,0.1787655730095385,0.7009085498017812,0.9520057306590258,0.059590115386348196,0.1924473482675203,0.6386577271655268,0.9520057306590258,0.06293341517448425,0.1817070965650697,0.6858484103186101,0.9520057306590258,0.056386459127794365,0.18643561224808491,0.6372707568253541,0.9520057306590258,0.05457873135949513,2.128625233657658,0.030085636768490076,4.278514125850052,0.008425990119576454,5.987264174968004,0.004523169714957476,8.136519877705723,0.020935536827892065,0.06494916416704655,40.1026779958047
AMG,5,top2,post_exhibition_170_input,170,3866,655,1396,0.18727366787377134,0.22748091603053436,0.1826647564469914,0.17030314900611798,0.17037058752668402,0.16763912940845727,0.1657884352774805,0.17007041816427473,0.163250623051001,0.1702716178380993,0.1430195459405692,0.14317506829703078,0.14287734790135512,0.14150805444777242,0.1427830143358311,0.14192691852060757,0.1426972396127992,autogluon,ebm,WeightedEnsemble_L2,RandomForest+CatBoost,56098213,20.17176752910018,0.30652463901787996,14.61105276690796,0.2427545660175383,1223384,0.460261343225031,0.6412538021343506,0.8223495702005731,0.17605211086073627,0.45795309032537557,0.6477324672200169,0.8151862464183381,0.17214240241159265,0.4571262498406697,0.6383873794916739,0.8173352435530086,0.20378725230693817,0.45128989870989394,0.6530975580416215,0.8159025787965616,0.18793014136439554,0.4544372653207113,0.6774552765891633,0.8173352435530086,0.19034771621227264,0.4532717069930149,0.646553590761458,0.8159025787965616,0.18675168423264962,0.4559139844777018,0.6370641508136997,0.8173352435530086,0.18099021673278523,2.009371815249324,0.028701510280370712,4.316910061985254,0.007323925849050283,7.826773088891059,0.003482706844806671,8.807452606037259,0.020624937023967505,0.06401821505278349,40.531093863770366
AMG,5,top3,post_exhibition_170_input,170,3866,655,1396,0.3605794102431454,0.4259541984732824,0.35959885386819485,0.2366214175709266,0.22917301878240745,0.230696797402964,0.2267956107097195,0.23461934607112364,0.22641013925029568,0.23338090381620735,0.21423609714574834,0.21124224288317733,0.21583689732876055,0.210084963968356,0.21322888930307204,0.20999458905233845,0.21078913660334597,autogluon,autogluon,WeightedEnsemble_L2,RandomForest+CatBoost+ExtraTrees,72214083,21.410409974865615,0.625173824839294,17.201188021339476,0.282598695717752,1224932,0.6180159002382889,0.6596566753121741,0.6747851002865329,0.36364296945392177,0.6109618924504121,0.6692803729154969,0.6776504297994269,0.36092689417750434,0.6211866306778583,0.6518523222546057,0.6583094555873925,0.3727277183788454,0.6082037621081309,0.6728076508284535,0.6797994269340975,0.3667083346376802,0.6148539156070495,0.6563499915327504,0.66189111747851,0.36476030945777893,0.6077528194074298,0.6716556592422257,0.6762177650429799,0.3684257718555651,0.6093206567171153,0.6696012371097266,0.6712034383954155,0.361992880120667,2.055171685293317,0.04157110210508108,4.364924271125346,0.007723551243543625,6.277459497563541,0.0037150452844798565,8.52971991430968,0.021158347837626934,0.0643464233726263,40.29437744291499
AMG,6,first,post_exhibition_170_input,170,3866,655,1396,0.019141231246766685,0.021374045801526718,0.011461318051575931,0.021269371031823584,0.020832723032611293,0.020895411108592297,0.020203781030392148,0.0208552363883414,0.020592153060693702,0.020889330861697437,0.010845232596977023,0.010880423507036649,0.011176543020657357,0.010848255077521596,0.011460308750116556,0.010978820365243443,0.011184115999927441,ebm,hgb,WeightedEnsemble_L2,RandomForest+CatBoost+XGBoost,16335825,15.504345170687884,0.31622136291116476,10.58759894920513,0.1736184861510992,1224788,0.06270939653881277,0.7577445652173913,0.9885386819484241,0.00376716664968277,0.05401523663898767,0.8417572463768116,0.9885386819484241,0.01349620157647821,0.05872516462670562,0.7829710144927536,0.9885386819484241,0.016240180505429472,0.05516397592865344,0.8080615942028985,0.9885386819484241,0.017487116540226787,0.06590391233776854,0.6906702898550724,0.9885386819484241,0.02493607997894287,0.05669067597274972,0.8305253623188406,0.9885386819484241,0.018282951507250376,0.05899590857825109,0.7698822463768116,0.9885386819484241,0.015698094231504853,2.284144945908338,0.030400088988244534,4.25012438185513,0.008699572645127773,6.814117239322513,0.011048757936805487,8.56576480763033,0.022024286910891533,0.06468535214662552,40.58220639778301
AMG,6,top2,post_exhibition_170_input,170,3866,655,1396,0.08458354888773927,0.07022900763358779,0.07736389684813753,0.06481186204007497,0.06260797126969839,0.06313227388238009,0.064110844715145,0.064252426897805,0.06305311825255766,0.06295760189473189,0.06812910332988503,0.06649741660413132,0.06816929521375507,0.06582036128183502,0.0701112191821136,0.06720744597793107,0.0673399442496088,catboost,ebm,WeightedEnsemble_L2,CatBoost+XGBoost,36201110,18.87737943092361,0.07638198416680098,32.88590377988294,0.5364993237890303,1224056,0.25102281083540834,0.742466068553025,0.923352435530086,0.060229895305106605,0.2411698463158137,0.7600140901771336,0.9226361031518625,0.06741019496760947,0.25256798787755474,0.7390261962272832,0.9226361031518625,0.08042877139140715,0.2373400026828818,0.7669441568898091,0.923352435530086,0.07896304340905438,0.2642477435221101,0.6822305613066483,0.9226361031518625,0.08819116652011871,0.2452508953473985,0.7543564527260178,0.9226361031518625,0.07647887965594885,0.2470985620786565,0.7413841442374051,0.9226361031518625,0.06512720559800757,2.1734561645425856,0.029833044856786728,4.294752580113709,0.007504538632929325,4.767678197007626,0.010812121909111738,8.540093353949487,0.021156806033104658,0.06430089799687266,40.76774774072692
AMG,6,top3,post_exhibition_170_input,170,3866,655,1396,0.22503879979306776,0.1969465648854962,0.20415472779369628,0.15503757158144107,0.1521056505327225,0.14892747394972777,0.1551297551952529,0.14762775308880605,0.1474667200027546,0.15049501845660607,0.14772604367253894,0.14577337639897658,0.14809251772570856,0.1484474235031271,0.14890263372363818,0.1444283314835436,0.14681014140853413,autogluon,autogluon,WeightedEnsemble_L2,RandomForest+CatBoost,59131609,20.30143118603155,0.31052504805848,13.684397626202554,0.224809052888304,1224700,0.45832369490251224,0.7196330159331723,0.7944126074498568,0.20448480024404603,0.4559026354983907,0.71840447202615,0.7994269340974212,0.20593156845804494,0.464516224095708,0.7177128239139704,0.7958452722063037,0.224924236536026,0.4603895706710694,0.7137050547159979,0.7929799426934098,0.21693246157323492,0.46393622066830303,0.7072086155984019,0.7979942693409742,0.23082607984542847,0.4517098727396288,0.7255546607292308,0.8037249283667621,0.21099626609153596,0.45963251704791724,0.7164100620588374,0.7994269340974212,0.206930261290149,2.0383168649859726,0.028939958196133375,4.315679959021509,0.006978369317948818,14.064240825828165,0.004194103181362152,8.724759402219206,0.02097614575177431,0.06384653598070145,40.25008065486327
